--
-- Database: `wom_psi`
--

-- --------------------------------------------------------

--
-- Table structure for table `disc_mapping`
--

CREATE TABLE `disc_mapping` (
  `id` bigint(2) NOT NULL,
  `graph` int(1) DEFAULT NULL,
  `type` varchar(2) DEFAULT NULL,
  `no` int(2) DEFAULT NULL,
  `value` int(2) DEFAULT NULL
) ENGINE=InnoDB DEFAULT CHARSET=latin1;

--
-- Dumping data for table `disc_mapping`
--

INSERT INTO `disc_mapping` (`id`, `graph`, `type`, `no`, `value`) VALUES
(1, 1, 'D', 0, 4),
(2, 1, 'D', 1, 6),
(3, 1, 'D', 2, 12),
(4, 1, 'D', 3, 15),
(5, 1, 'D', 4, 16),
(6, 1, 'D', 5, 18),
(7, 1, 'D', 6, 21),
(8, 1, 'D', 7, 24),
(9, 1, 'D', 8, 28),
(10, 1, 'D', 9, 31),
(11, 1, 'D', 10, 34),
(12, 1, 'D', 11, 33),
(13, 1, 'D', 12, 36),
(14, 1, 'D', 13, 37),
(15, 1, 'D', 14, 38),
(16, 1, 'D', 15, 39),
(17, 1, 'D', 16, 41),
(18, 1, 'D', 17, 42),
(19, 1, 'D', 18, 42),
(20, 1, 'D', 19, 42),
(21, 1, 'D', 20, 43),
(22, 1, 'I', 0, 4),
(23, 1, 'I', 1, 0),
(24, 1, 'I', 2, 13),
(25, 1, 'I', 3, 18),
(26, 1, 'I', 4, 23),
(27, 1, 'I', 5, 28),
(28, 1, 'I', 6, 31),
(29, 1, 'I', 7, 34),
(30, 1, 'I', 8, 37),
(31, 1, 'I', 9, 38),
(32, 1, 'I', 10, 41),
(33, 1, 'I', 11, 42),
(34, 1, 'I', 12, 42),
(35, 1, 'I', 13, 42),
(36, 1, 'I', 14, 42),
(37, 1, 'I', 15, 42),
(38, 1, 'I', 16, 42),
(39, 1, 'I', 17, 17),
(40, 1, 'S', 0, 9),
(41, 1, 'S', 1, 12),
(42, 1, 'S', 2, 14),
(43, 1, 'S', 3, 19),
(44, 1, 'S', 4, 21),
(45, 1, 'S', 5, 24),
(46, 1, 'S', 6, 27),
(47, 1, 'S', 7, 29),
(48, 1, 'S', 8, 32),
(49, 1, 'S', 9, 34),
(50, 1, 'S', 10, 36),
(51, 1, 'S', 11, 39),
(52, 1, 'S', 12, 41),
(53, 1, 'S', 13, 42),
(54, 1, 'S', 14, 42),
(55, 1, 'S', 15, 42),
(56, 1, 'S', 16, 42),
(57, 1, 'S', 17, 42),
(58, 1, 'S', 18, 42),
(59, 1, 'S', 19, 42),
(60, 1, 'S', 20, 42),
(61, 1, 'C', 0, 4),
(62, 1, 'C', 1, 11),
(63, 1, 'C', 2, 14),
(64, 1, 'C', 3, 20),
(65, 1, 'C', 4, 24),
(66, 1, 'C', 5, 29),
(67, 1, 'C', 6, 33),
(68, 1, 'C', 7, 36),
(69, 1, 'C', 8, 39),
(70, 1, 'C', 9, 41),
(71, 1, 'C', 10, 42),
(72, 1, 'C', 11, 42),
(73, 1, 'C', 12, 42),
(74, 1, 'C', 13, 42),
(75, 1, 'C', 14, 42),
(76, 1, 'C', 15, 42),
(77, 2, 'D', 0, 43),
(78, 2, 'D', 1, 40),
(79, 2, 'D', 2, 34),
(80, 2, 'D', 3, 28),
(81, 2, 'D', 4, 25),
(82, 2, 'D', 5, 23),
(83, 2, 'D', 6, 21),
(84, 2, 'D', 7, 20),
(85, 2, 'D', 8, 18),
(86, 2, 'D', 9, 16),
(87, 2, 'D', 10, 15),
(88, 2, 'D', 11, 13),
(89, 2, 'D', 12, 12),
(90, 2, 'D', 13, 10),
(91, 2, 'D', 14, 8),
(92, 2, 'D', 15, 7),
(93, 2, 'D', 16, 5),
(94, 2, 'D', 17, 5),
(95, 2, 'D', 18, 5),
(96, 2, 'D', 19, 5),
(97, 2, 'D', 20, 5),
(98, 2, 'D', 21, 3),
(99, 2, 'I', 0, 43),
(100, 2, 'I', 1, 39),
(101, 2, 'I', 2, 34),
(102, 2, 'I', 3, 28),
(103, 2, 'I', 4, 23),
(104, 2, 'I', 5, 21),
(105, 2, 'I', 6, 17),
(106, 2, 'I', 7, 13),
(107, 2, 'I', 8, 11),
(108, 2, 'I', 9, 9),
(109, 2, 'I', 10, 9),
(110, 2, 'I', 11, 6),
(111, 2, 'I', 12, 5),
(112, 2, 'I', 13, 5),
(113, 2, 'I', 14, 5),
(114, 2, 'I', 15, 5),
(115, 2, 'I', 16, 5),
(116, 2, 'I', 17, 5),
(117, 2, 'I', 18, 5),
(118, 2, 'I', 19, 3),
(119, 2, 'S', 0, 43),
(120, 2, 'S', 1, 42),
(121, 2, 'S', 2, 39),
(122, 2, 'S', 3, 36),
(123, 2, 'S', 4, 30),
(124, 2, 'S', 5, 26),
(125, 2, 'S', 6, 23),
(126, 2, 'S', 7, 20),
(127, 2, 'S', 8, 16),
(128, 2, 'S', 9, 14),
(129, 2, 'S', 10, 12),
(130, 2, 'S', 11, 9),
(131, 2, 'S', 12, 6),
(132, 2, 'S', 13, 6),
(133, 2, 'S', 14, 6),
(134, 2, 'S', 15, 6),
(135, 2, 'S', 16, 6),
(136, 2, 'S', 17, 6),
(137, 2, 'S', 18, 5),
(138, 2, 'S', 19, 3),
(139, 2, 'C', 0, 43),
(140, 2, 'C', 1, 41),
(141, 2, 'C', 2, 39),
(142, 2, 'C', 3, 36),
(143, 2, 'C', 4, 32),
(144, 2, 'C', 5, 27),
(145, 2, 'C', 6, 24),
(146, 2, 'C', 7, 22),
(147, 2, 'C', 8, 19),
(148, 2, 'C', 9, 16),
(149, 2, 'C', 10, 13),
(150, 2, 'C', 11, 9),
(151, 2, 'C', 12, 7),
(152, 2, 'C', 13, 5),
(153, 2, 'C', 14, 4),
(154, 2, 'C', 15, 4),
(155, 2, 'C', 16, 3),
(156, 3, 'D', 20, 43),
(157, 3, 'D', 19, 43),
(158, 3, 'D', 18, 43),
(159, 3, 'D', 17, 42),
(160, 3, 'D', 16, 42),
(161, 3, 'D', 15, 40),
(162, 3, 'D', 14, 38),
(163, 3, 'D', 13, 37),
(164, 3, 'D', 12, 35),
(165, 3, 'D', 11, 34),
(166, 3, 'D', 10, 33),
(167, 3, 'D', 9, 32),
(168, 3, 'D', 8, 30),
(169, 3, 'D', 7, 28),
(170, 3, 'D', 6, 28),
(171, 3, 'D', 5, 27),
(172, 3, 'D', 4, 26),
(173, 3, 'D', 3, 25),
(174, 3, 'D', 2, 24),
(175, 3, 'D', 1, 23),
(176, 3, 'D', 0, 21),
(177, 3, 'D', -1, 21),
(178, 3, 'D', -2, 20),
(179, 3, 'D', -3, 18),
(180, 3, 'D', -4, 17),
(181, 3, 'D', -5, 16),
(182, 3, 'D', -6, 15),
(183, 3, 'D', -7, 13),
(184, 3, 'D', -8, 12),
(185, 3, 'D', -9, 12),
(186, 3, 'D', -10, 10),
(187, 3, 'D', -11, 8),
(188, 3, 'D', -12, 7),
(189, 3, 'D', -13, 7),
(190, 3, 'D', -14, 5),
(191, 3, 'D', -15, 4),
(192, 3, 'D', -16, 4),
(193, 3, 'D', -17, 4),
(194, 3, 'D', -18, 4),
(195, 3, 'D', -19, 4),
(196, 3, 'D', -20, 4),
(197, 3, 'D', -21, 3),
(198, 3, 'I', 17, 43),
(199, 3, 'I', 16, 43),
(200, 3, 'I', 15, 43),
(201, 3, 'I', 14, 43),
(202, 3, 'I', 13, 43),
(203, 3, 'I', 12, 43),
(204, 3, 'I', 11, 42),
(205, 3, 'I', 10, 42),
(206, 3, 'I', 9, 42),
(207, 3, 'I', 8, 40),
(208, 3, 'I', 7, 38),
(209, 3, 'I', 6, 37),
(210, 3, 'I', 5, 35),
(211, 3, 'I', 4, 33),
(212, 3, 'I', 3, 31),
(213, 3, 'I', 2, 29),
(214, 3, 'I', 1, 27),
(215, 3, 'I', 0, 25),
(216, 3, 'I', -1, 22),
(217, 3, 'I', -2, 20),
(218, 3, 'I', -3, 18),
(219, 3, 'I', -4, 16),
(220, 3, 'I', -5, 15),
(221, 3, 'I', -6, 13),
(222, 3, 'I', -7, 11),
(223, 3, 'I', -8, 10),
(224, 3, 'I', -9, 8),
(225, 3, 'I', -10, 6),
(226, 3, 'I', -11, 5),
(227, 3, 'I', -12, 5),
(228, 3, 'I', -13, 5),
(229, 3, 'I', -14, 5),
(230, 3, 'I', -15, 4),
(231, 3, 'I', -16, 4),
(232, 3, 'I', -17, 4),
(233, 3, 'I', -18, 4),
(234, 3, 'I', -19, 3),
(235, 3, 'S', 19, 44),
(236, 3, 'S', 18, 43),
(237, 3, 'S', 17, 43),
(238, 3, 'S', 16, 43),
(239, 3, 'S', 15, 43),
(240, 3, 'S', 14, 42),
(241, 3, 'S', 13, 42),
(242, 3, 'S', 12, 42),
(243, 3, 'S', 11, 42),
(244, 3, 'S', 10, 40),
(245, 3, 'S', 9, 39),
(246, 3, 'S', 8, 37),
(247, 3, 'S', 7, 36),
(248, 3, 'S', 6, 35),
(249, 3, 'S', 5, 34),
(250, 3, 'S', 4, 33),
(251, 3, 'S', 3, 31),
(252, 3, 'S', 2, 29),
(253, 3, 'S', 1, 28),
(254, 3, 'S', 0, 26),
(255, 3, 'S', -1, 23),
(256, 3, 'S', -2, 21),
(257, 3, 'S', -3, 20),
(258, 3, 'S', -4, 18),
(259, 3, 'S', -5, 17),
(260, 3, 'S', -6, 15),
(261, 3, 'S', -7, 13),
(262, 3, 'S', -8, 12),
(263, 3, 'S', -9, 10),
(264, 3, 'S', -10, 8),
(265, 3, 'S', -11, 7),
(266, 3, 'S', -12, 5),
(267, 3, 'S', -13, 4),
(268, 3, 'S', -14, 4),
(269, 3, 'S', -15, 4),
(270, 3, 'S', -16, 4),
(271, 3, 'S', -17, 4),
(272, 3, 'S', -18, 4),
(273, 3, 'S', -19, 3),
(274, 3, 'C', 15, 43),
(275, 3, 'C', 14, 43),
(276, 3, 'C', 13, 43),
(277, 3, 'C', 12, 43),
(278, 3, 'C', 11, 43),
(279, 3, 'C', 10, 42),
(280, 3, 'C', 9, 42),
(281, 3, 'C', 8, 42),
(282, 3, 'C', 7, 42),
(283, 3, 'C', 6, 40),
(284, 3, 'C', 5, 28),
(285, 3, 'C', 4, 26),
(286, 3, 'C', 3, 35),
(287, 3, 'C', 2, 33),
(288, 3, 'C', 1, 31),
(289, 3, 'C', 0, 29),
(290, 3, 'C', -1, 27),
(291, 3, 'C', -2, 25),
(292, 3, 'C', -3, 22),
(293, 3, 'C', -4, 20),
(294, 3, 'C', -5, 19),
(295, 3, 'C', -6, 16),
(296, 3, 'C', -7, 15),
(297, 3, 'C', -8, 13),
(298, 3, 'C', -9, 11),
(299, 3, 'C', -10, 10),
(300, 3, 'C', -11, 8),
(301, 3, 'C', -12, 6),
(302, 3, 'C', -13, 5),
(303, 3, 'C', -14, 5),
(304, 3, 'C', -15, 45),
(305, 3, 'C', -16, 3);

-- --------------------------------------------------------

--
-- Table structure for table `hasil_disc`
--

CREATE TABLE `hasil_disc` (
  `userid` varchar(16) DEFAULT NULL,
  `DM` int(2) DEFAULT NULL,
  `DL` int(2) DEFAULT NULL,
  `IM` int(2) DEFAULT NULL,
  `IL` int(2) DEFAULT NULL,
  `SM` int(2) DEFAULT NULL,
  `SL` int(2) DEFAULT NULL,
  `CM` int(2) DEFAULT NULL,
  `CL` int(2) DEFAULT NULL
) ENGINE=MyISAM DEFAULT CHARSET=latin1;

--
-- Dumping data for table `hasil_disc`
--

INSERT INTO `hasil_disc` (`userid`, `DM`, `DL`, `IM`, `IL`, `SM`, `SL`, `CM`, `CL`) VALUES
('3174040104880001', 5, 4, 5, 9, 4, 8, 5, 3),
('1241214141242143', 4, 9, 1, 5, 7, 5, 6, 4);

-- --------------------------------------------------------

--
-- Table structure for table `hasil_papi`
--

CREATE TABLE `hasil_papi` (
  `userid` varchar(16) DEFAULT NULL,
  `G` int(2) DEFAULT NULL,
  `L` int(2) DEFAULT NULL,
  `I` int(2) DEFAULT NULL,
  `T` int(2) DEFAULT NULL,
  `V` int(2) DEFAULT NULL,
  `S` int(2) DEFAULT NULL,
  `R` int(2) DEFAULT NULL,
  `D` int(2) DEFAULT NULL,
  `C` int(2) DEFAULT NULL,
  `E` int(2) DEFAULT NULL,
  `N` int(2) DEFAULT NULL,
  `A` int(2) DEFAULT NULL,
  `P` int(2) DEFAULT NULL,
  `X` int(2) DEFAULT NULL,
  `B` int(2) DEFAULT NULL,
  `O` int(2) DEFAULT NULL,
  `Z` int(2) DEFAULT NULL,
  `K` int(2) DEFAULT NULL,
  `F` int(2) DEFAULT NULL,
  `W` int(2) DEFAULT NULL
) ENGINE=MyISAM DEFAULT CHARSET=latin1;

--
-- Dumping data for table `hasil_papi`
--

INSERT INTO `hasil_papi` (`userid`, `G`, `L`, `I`, `T`, `V`, `S`, `R`, `D`, `C`, `E`, `N`, `A`, `P`, `X`, `B`, `O`, `Z`, `K`, `F`, `W`) VALUES
('3174040104880001', 4, 7, 6, 8, 7, 5, 3, 2, 3, 3, 5, 2, 3, 3, 3, 3, 5, 6, 6, 6),
('8237981724897817', 2, 4, 3, 5, 4, 4, 1, 2, 2, 2, 4, 1, 4, 1, 4, 1, 5, 4, 3, 4),
('1241214141242143', 4, 1, 2, 3, 4, 5, 4, 3, 2, 2, 1, 1, 3, 3, 4, 4, 4, 5, 3, 2);

-- --------------------------------------------------------

--
-- Table structure for table `hasil_wpt`
--

CREATE TABLE `hasil_wpt` (
  `userid` varchar(16) NOT NULL,
  `wpt_skor` int(2) NOT NULL,
  `wpt_iq` int(3) NOT NULL
) ENGINE=InnoDB DEFAULT CHARSET=latin1;

--
-- Dumping data for table `hasil_wpt`
--

INSERT INTO `hasil_wpt` (`userid`, `wpt_skor`, `wpt_iq`) VALUES
('8237981724897817', 11, 81),
('3174040104880001', 31, 121),
('1241214141242143', 10, 80);

-- --------------------------------------------------------

--
-- Table structure for table `pernyataan`
--

CREATE TABLE `pernyataan` (
  `id_pernyataan` int(3) DEFAULT NULL,
  `pernyataan` varchar(100) DEFAULT NULL,
  `tipe` varchar(1) DEFAULT NULL
) ENGINE=MyISAM DEFAULT CHARSET=latin1;

--
-- Dumping data for table `pernyataan`
--

INSERT INTO `pernyataan` (`id_pernyataan`, `pernyataan`, `tipe`) VALUES
(120, 'Saya suka jika mendapat banyak perhatian', 'X'),
(119, 'Saya biarkan diri saya banyak dipengaruhi orang lain', 'W'),
(118, 'Saya senang diserahi tanggung jawab atas kelompok orang', 'P'),
(117, 'Saya suka saran - saran dari orang yang saya kagumi', 'F'),
(116, 'Saya biasanya suka bekerja keras', 'N'),
(115, 'Saya biasanya mempertahankan pendapat yang saya yakini', 'K'),
(114, 'Saya selalu ingin menyelesaikan pekerjaan yang telah saya mulai', 'N'),
(113, 'Saya ingin bertemu dengan orang - orang baru dan melakukan hal - hal baru', 'Z'),
(112, 'Saya adalah seorang yang mempunya pembawaan tenang', 'E'),
(111, 'Saya dapat bergaul secara baik dengan semua orang', 'S'),
(110, 'Saya suka mengatur dan menyimpan barang - barang secara rapi dan teratur', 'C'),
(109, 'Saya bersemangat untuk mengikuti berbagai pertandingan dalam olah raga', 'V'),
(108, 'Saya senang bekerja dengan hal - hal kecil/terperinci', 'P'),
(107, 'Saya bekerja dengan kecepatan teratur dan tetap', 'T'),
(106, 'Saya banyak sekali berfikir', 'R'),
(105, 'Saya selalu berspekulasi', 'I'),
(104, 'Saya mudah berteman', 'S'),
(103, 'Saya tipe pemimpin', 'L'),
(16, 'Saya suka melakukan hal-hal yang baru dan berbeda', 'Z'),
(15, 'Saya suka membalas jika saya disakiti', 'K'),
(14, 'Saya berusaha membina hubungan yang akrab dengan teman saya', 'O'),
(13, 'Saya cepat berubah jika saya rasa hal itu diperlukan', 'Z'),
(12, 'Saya suka berteman dengan suatu kelompok', 'B'),
(11, 'Saya suka membina suatu hubungan persahabatan antar pribadi', 'O'),
(10, 'Saya senang di perhatikan oleh kelompok', 'P'),
(9, 'Saya suka bergabung dengan kelompok', 'G'),
(1, 'Saya seorang pekerja keras', 'G'),
(2, 'Saya bukan seorang pemurung', 'E'),
(3, 'Saya suka bekerja lebih baik dari yang lain', 'A'),
(4, 'Saya suka menekuni pekerjaan yang saya lakukan sampai selesai', 'N'),
(5, 'Saya suka memberi petunjuk kepada orang bagaimana melakukan sesuatu', 'P'),
(6, 'Saya ingin melakukan sesuatu sebaik mungkin', 'A'),
(7, 'Saya suka melakukan hal-hal yang lucu', 'X'),
(8, 'Saya senang memberi tahu orang apa yang harus dikerjakannya', 'P'),
(179, 'Saya suka diberitahu tentang apa yang perlu dilakukan', 'E'),
(178, 'Saya selalu menyenangkan', 'E'),
(177, 'Saya suka menaruh barang pada tempatnya', 'C'),
(176, 'Saya suka mengorganisir pekerjaan saya', 'C'),
(175, 'Saya menikmati pekerjaan yang melibatkan hal - hal kecil (detail)', 'D'),
(174, 'Saya suka bekerja dengan hal - hal yang terperinci', 'D'),
(173, 'Saya suka berjalan dengan teori', 'R'),
(172, 'Saya banyak menghabiskan waktu dengan berfikir', 'R'),
(171, 'Saya mempunyai banyak sekali teman', 'S'),
(169, 'Saya tidak suka bertemu dengan orang', 'V'),
(170, 'Saya cepat merasa lelah', 'S'),
(168, 'Saya pemimpin yang baik', 'V'),
(166, 'Saya bicara sangat cepat', 'T'),
(167, 'Saya biasanya bekerja cepat', 'T'),
(165, 'Saya mengambil keputusan secara mudah dan cepat', 'I'),
(164, 'Saya seorang yang tergolong santai dan beruntung', 'I'),
(163, 'Saya dapat membuat orang lain bekerja sesuai dengan yang saya inginkan', 'L'),
(162, 'Saya seorang pemimpin yang baik', 'L'),
(161, 'Saya mengejar apa yang saya inginkan', 'G'),
(160, 'Saya suka bekerja keras', 'A'),
(159, 'Saya suka petunjuk - petunjuk yang jelas', 'W'),
(158, 'Saya selalu menyelesaikan pekerjaan yang telah saya mulai', 'N'),
(157, 'Saya suka mengikuti orang yang saya kagumi', 'F'),
(156, 'Saya tidak mudah marah', 'E'),
(155, 'Saya suka pekerjaan yang harus memperhatikan hal - hal kecil (detail)', 'D'),
(154, 'Saya meyimpan segala sesuatu pada tempatnya', 'C'),
(153, 'Saya banyak berfikir dan merencanakan', 'R'),
(152, 'Saya suka pekerjaan yang memerlukan ketelitian', 'D'),
(151, 'Saya sangat ramah terhadap orang', 'S'),
(150, 'Saya banyak menghabiskan waktu dengan berfikir', 'R'),
(149, 'Saya biasanya mempunyai semangat dan tenaga', 'V'),
(147, 'Saya bekerja cepat', 'T'),
(148, 'Saya mudah berteman', 'S'),
(146, 'Saya lamban dalam menentukan sikap', 'V'),
(145, 'Saya sering merasa lelah', 'I'),
(144, 'Saya biasa terburu - buru', 'T'),
(143, 'Kelompok biasanya melakukan apa yang saya inginkan', 'L'),
(142, 'Saya mengambil keputusan secara cepat dan mudah', 'I'),
(141, 'Saya selalu berusaha bekerja keras', 'G'),
(140, 'Saya suka membuat keputusan untuk kelompok', 'P'),
(138, 'Saya ingin sukses', 'A'),
(139, 'Saya suka orang lain yang memutuskan untuk kelompok', 'W'),
(136, 'Saya terus menekuni suatu masalah sampai selesai', 'N'),
(137, 'Saya suka mendukung orang - orang yang saya kagumi', 'F'),
(135, 'Saya mempertahankan nama baik saya dengan bangga', 'K'),
(134, 'Saya selalu menyenangkan', 'E'),
(132, 'Apa yang sudah saya simpan, akan mudah saya temukan kembali', 'C'),
(133, 'Saya merencanakan jauh - jauh berikutnya', 'R'),
(131, 'Saya mencari teman sebanyak mungkin', 'S'),
(130, 'Saya suka pekerjaan yang harus dilakukan secara hati - hati', 'D'),
(129, 'Saya suka pekerjaan dimana saya banyak bergerak', 'V'),
(128, 'Saya suka membaca', 'R'),
(127, 'Saya biasanya makan secara cepat', 'T'),
(126, 'Saya lambat dalam mengambil keputusan', 'S'),
(125, 'Saya lambat dalam membina hubungan', 'I'),
(121, 'Saya berusaha bekerja keras', 'G'),
(122, 'Saya mengerjakan sesuatu secara cepat', 'T'),
(123, 'Apabila saya bicara, kelompok mendengarkan', 'L'),
(124, 'Saya terampil menggunakan perkakas atau alat - alat', 'V'),
(17, 'Saya ingin atasan saya menyukai saya', 'F'),
(18, 'Saya suka memberi tahu orang jika mereka salah', 'K'),
(19, 'Saya suka mengikuti petunjuk-petunjuk yang diberikan kepada saya', 'W'),
(20, 'Saya suka mendukung pendapat atasan saya', 'F'),
(21, 'Saya berusaha sangat keras', 'G'),
(22, 'Saya seorang teratur, saya menaruh semua barang pada tempatnya', 'C'),
(23, 'Saya dapat membuat orang mau berkerja keras', 'L'),
(24, 'Saya tidak mudah marah', 'E'),
(25, 'Saya suka memberi tahu kelompok apa yang harus dikerjakan', 'P'),
(26, 'Saya selalu menekuni suatu pekerjaan sampai selesai', 'N'),
(27, 'Saya ingin tampil menarik dan menakjubkan', 'X'),
(28, 'Saya ingin menjadi orang yang berhasil', 'A'),
(29, 'Saya ingin sesuai dan di terima dalam kelompok', 'B'),
(30, 'Saya suka membantu orang dalam mengambil sikap', 'P'),
(31, 'Saya cemas jika seorang tidak menyukai saya', 'O'),
(32, 'Saya suka orang memperhatikan saya', 'X'),
(33, 'Saya suka mencoba hal-hal baru', 'Z'),
(34, 'Saya lebih suka bekerja bersama orang lain daripada sendiri', 'B'),
(35, 'Saya kadang-kadang menyalahkan orang lain jika terjadi kesalahan', 'K'),
(36, 'Saya merasa terganggu jika ada yang tidak menyukai saya', 'Z'),
(37, 'Saya suka mendukung pendapat atasan saya', 'F'),
(38, 'Saya suka mencoba pekerjaan-pekerjaan yang baru dan berbeda', 'Z'),
(39, 'Saya menyukai petunjuk terperinci dalam menyelesaikan permasalahan', 'W'),
(40, 'Saya suka memberi tahu bila orang membuat saya kesal', 'K'),
(41, 'Saya suka berusaha keras', 'G'),
(42, 'Saya suka melaksanakan setiap langkah dengan hati-hati', 'D'),
(43, 'Saya seorang pemimpin yang baik', 'L'),
(44, 'Saya dapat mengorganisir suatu pekerjaan dengan baik', 'C'),
(45, 'Saya mudah tersinggung', 'I'),
(46, 'Saya lambat dalam membuat keputusan', 'E'),
(47, 'Dalam suatu kelompok saya lebih suka diam', 'T'),
(48, 'Saya suka mengerjakan beberapa pekerjaan sekaligus', 'N'),
(49, 'Saya sangat suka bila saya diundang', 'B'),
(50, 'Saya ingin lebih baik dari yang lain dalam mengerjakan sesuatu', 'A'),
(51, 'Saya suka membina hubungan yang akrab dengan teman-teman saya', 'O'),
(52, 'Saya suka menasehati orang lain', 'P'),
(53, 'Saya suka melakukan hal-hal yang baru dan berbeda', 'Z'),
(54, 'Saya suka menceritakan bagaimana saya berhasil melakukan sesuatu', 'X'),
(55, 'Bila saya betul, saya suka mempertahankannya', 'K'),
(56, 'Saya ingin diterima dan diakui dalam suatu kelompok', 'B'),
(57, 'Saya berusaha untuk tidak menjadi seorang yang berbeda', 'K'),
(58, 'Saya berusaha untuk dekat sekali dengan orang lain', 'O'),
(59, 'Saya senang diberi tahu bagaimana melakukan sesuatu pekerjaan', 'W'),
(60, 'Saya mudah bosan', 'Z'),
(61, 'Saya bekerja keras', 'G'),
(62, 'Saya banyak berfikir dan membuat rencana', 'R'),
(63, 'Saya memimpin kelompok', 'L'),
(64, 'Detail (hal- hal kecil) menarik bagi saya', 'D'),
(65, 'Saya mengambil keputusan secara mudah dan cepat', 'I'),
(66, 'Saya menyimpan barang - barang saya secara rapih dan teratur', 'C'),
(67, 'Biasanya saya bekerja dengan tergesa - gesa', 'T'),
(68, 'Saya jarang marah atau bersedih', 'E'),
(69, 'Saya ingin menjadi bagian dari kelompok', 'B'),
(70, 'Saya ingin melakukan satu pekerjaan pada satu saat', 'N'),
(71, 'Saya berusaha berteman secara akrab', 'O'),
(72, 'Saya berusaha sangat keras untuk menjadi yang terbaik', 'A'),
(73, 'Saya ingin menjadi bagian dari suatu kelompok', 'Z'),
(74, 'Saya berusaha menjadi yang terbaik', 'P'),
(75, 'Saya menyukai perdebatan', 'K'),
(76, 'Saya suka mendapat perhatian', 'X'),
(77, 'Saya suka mendukung orang - orang yang menjadi atasan saya', 'F'),
(78, 'Saya tertarik menjadi bagian dari kelompok', 'B'),
(79, 'Saya suka mengikuti peraturan dengan hati - hati', 'W'),
(80, 'Saya suka orang mengenal saya dengan baik', 'O'),
(81, 'Saya berusaha keras sekali', 'G'),
(82, 'Saya sangat ramah', 'S'),
(83, 'Orang menilai saya seorang pemimpin yang baik', 'L'),
(84, 'Saya berfikir panjang dan hati - hati', 'R'),
(85, 'Saya sering mengambil resiko/coba - coba', 'I'),
(86, 'Saya sering mengurus hal - hal kecil/detail', 'D'),
(87, 'Orang berpendapat bahwa saya bekerja cepat', 'T'),
(88, 'Saya sering mengurus hal - hal kecil/detail', 'D'),
(89, 'Saya seneng mengikuti pertandingan dan olah raga', 'V'),
(90, 'Saya mempunyai pribadi yang menyenangkan', 'E'),
(91, 'Saya senang jika orang dekat', 'O'),
(92, 'Saya mempunya pribadi yang menyenangkan', 'N'),
(93, 'Saya senang bereksperimen dan mencoba hal - hal baru', 'Z'),
(94, 'Saya suka melaksanakan suatu pekerjaan sulit dengan baik', 'A'),
(95, 'Saya suka diperlakukan secara adil', 'L'),
(96, 'Saya suka memberi tahu orang lain bagaimana melaksanakan suatu pekerjaan', 'P'),
(97, 'Saya suka melakukan apa yang diharapkan oleh saya', 'F'),
(98, 'Saya suka memperoleh perhatian', 'X'),
(99, 'Saya suka petunjuk - petunjuk terperinci untuk melaksanakan suatu tugas', 'W'),
(100, 'Saya senang berada bersama orang lain', 'B'),
(101, 'Saya selalu berusaha menyelesaikan pekerjaan secara sempurna', 'G'),
(102, 'Orang mengatakan bahwa saya tidak mengenal lelah', 'V'),
(180, 'Saya harus menyelesaikan apa yang saya mulai', 'N');

-- --------------------------------------------------------

--
-- Table structure for table `salah`
--

CREATE TABLE `salah` (
  `userid` varchar(16) NOT NULL,
  `x` int(2) DEFAULT NULL,
  `y` int(2) DEFAULT NULL,
  `answer` varchar(1) DEFAULT NULL,
  `sequence` int(2) DEFAULT NULL,
  `status` int(1) NOT NULL
) ENGINE=InnoDB DEFAULT CHARSET=latin1;

--
-- Dumping data for table `salah`
--

INSERT INTO `salah` (`userid`, `x`, `y`, `answer`, `sequence`, `status`) VALUES
('1471123110900001', 1, 1, '2', 0, 1),
('1471123110900001', 1, 2, '1', 0, 1),
('1471123110900001', 1, 3, '4', 0, 1),
('1471123110900001', 1, 1, '2', 0, 1),
('1471123110900001', 1, 2, '1', 0, 1),
('1471123110900001', 1, 1, '2', 0, 1),
('1471123110900001', 1, 2, '1', 0, 1),
('1471123110900001', 1, 3, '4', 0, 1),
('1471123110900001', 2, 1, '1', 0, 1),
('1471123110900001', 2, 2, '7', 1, 0),
('1471123110900001', 2, 3, '1', 0, 1),
('1471123110900001', 2, 4, '1', 0, 1),
('1471123110900001', 2, 5, '0', 0, 1),
('1471123110900001', 3, 1, '1', 0, 1),
('1471123110900001', 3, 2, '2', 0, 1),
('1471123110900001', 3, 3, '5', 0, 1),
('1471123110900001', 3, 4, '2', 0, 1),
('1471123110900001', 3, 5, '1', 0, 1),
('1471123110900001', 3, 6, '2', 0, 1),
('1471123110900001', 3, 7, '4', 0, 1),
('1471123110900001', 3, 8, '1', 0, 1),
('1234', 1, 8, '0', 0, 1),
('1234', 1, 10, '0', 0, 1),
('1234', 2, 5, '0', 0, 1),
('1234', 2, 14, '0', 1, 1),
('1234', 4, 3, '0', 0, 1),
('1234', 4, 5, '0', 0, 1),
('1234', 5, 5, '0', 0, 1),
('1234', 6, 17, '0', 0, 1),
('1234', 7, 6, '0', 1, 1),
('1234', 7, 14, '9', 0, 1),
('1234', 7, 17, '3', 1, 0),
('1234', 8, 13, '0', 0, 1),
('1234', 9, 8, '0', 0, 1),
('1234', 9, 11, '0', 0, 1),
('1234', 10, 1, '0', 0, 1),
('1234', 10, 3, '0', 0, 1),
('1234', 10, 13, '0', 0, 1),
('1234', 10, 15, '0', 0, 1),
('1234', 11, 6, '0', 0, 1),
('1234', 11, 10, '7', 1, 0),
('1234', 11, 12, '4', 1, 0),
('1234', 11, 16, '0', 0, 1),
('1234', 12, 7, '0', 0, 1),
('1234', 12, 17, '0', 0, 1),
('1234', 13, 13, '0', 0, 1),
('1234', 14, 1, '0', 0, 1),
('1234', 14, 3, '0', 1, 1),
('1234', 14, 12, '4', 1, 0),
('1234', 15, 3, '0', 0, 1),
('1234', 15, 5, '0', 0, 1),
('1234', 15, 8, '4', 1, 0),
('1234', 15, 13, '0', 0, 1),
('1234', 15, 18, '0', 0, 1),
('1234', 16, 1, '0', 0, 1),
('1234', 16, 4, '5', 1, 0),
('1234', 16, 8, '0', 0, 1),
('1234', 16, 16, '0', 0, 1),
('1234', 16, 20, '0', 0, 1),
('1234', 16, 21, '4', 0, 1),
('1234', 17, 6, '2', 1, 0),
('1234', 17, 14, '0', 0, 1),
('1234', 18, 3, '0', 0, 1),
('1234', 18, 11, '1', 0, 1),
('1234', 20, 14, '1', 0, 1),
('1234', 21, 4, '0', 1, 0),
('1234', 21, 15, '5', 0, 1),
('1234', 22, 7, '8', 1, 0),
('1234', 25, 7, '9', 1, 0),
('1234', 25, 8, '8', 0, 1),
('1234', 26, 4, '2', 1, 0),
('1234', 26, 6, '3', 1, 0),
('1234', 27, 2, '3', 1, 0),
('1234', 27, 14, '8', 0, 1),
('1234', 29, 15, '6', 1, 0),
('1234', 32, 16, '1', 0, 1),
('1234', 33, 12, '3', 0, 1),
('1234', 37, 12, '0', 1, 0),
('1234', 38, 1, '2', 1, 0),
('1234', 42, 1, '7', 1, 0),
('1234', 43, 4, '2', 1, 0),
('1234', 44, 4, '3', 1, 0),
('1234', 45, 3, '8', 1, 0),
('3174040104880001', 1, 8, '0', 0, 1),
('3174040104880001', 1, 10, '0', 0, 1),
('3174040104880001', 2, 5, '0', 0, 1),
('3174040104880001', 2, 14, '0', 1, 1),
('3174040104880001', 4, 3, '0', 0, 1),
('3174040104880001', 4, 5, '0', 0, 1),
('3174040104880001', 5, 5, '0', 0, 1),
('3174040104880001', 6, 17, '0', 0, 1),
('3174040104880001', 7, 6, '0', 1, 1),
('3174040104880001', 7, 14, '9', 0, 1),
('3174040104880001', 7, 17, '3', 1, 0),
('3174040104880001', 8, 13, '0', 0, 1),
('3174040104880001', 9, 8, '0', 0, 1),
('3174040104880001', 9, 11, '0', 0, 1),
('3174040104880001', 10, 1, '0', 0, 1),
('3174040104880001', 10, 3, '0', 0, 1),
('3174040104880001', 10, 13, '0', 0, 1),
('3174040104880001', 10, 15, '0', 0, 1),
('3174040104880001', 11, 6, '0', 0, 1),
('3174040104880001', 11, 10, '7', 1, 0),
('3174040104880001', 11, 12, '4', 1, 0),
('3174040104880001', 11, 16, '0', 0, 1),
('3174040104880001', 12, 7, '0', 0, 1),
('3174040104880001', 12, 17, '0', 0, 1),
('3174040104880001', 13, 13, '0', 0, 1),
('3174040104880001', 14, 1, '0', 0, 1),
('3174040104880001', 14, 3, '0', 1, 1),
('3174040104880001', 14, 12, '4', 1, 0),
('3174040104880001', 15, 3, '0', 0, 1),
('3174040104880001', 15, 5, '0', 0, 1),
('3174040104880001', 15, 8, '4', 1, 0),
('3174040104880001', 15, 13, '0', 0, 1),
('3174040104880001', 15, 18, '0', 0, 1),
('3174040104880001', 16, 1, '0', 0, 1),
('3174040104880001', 16, 4, '5', 1, 0),
('3174040104880001', 16, 8, '0', 0, 1),
('3174040104880001', 16, 16, '0', 0, 1),
('3174040104880001', 16, 20, '0', 0, 1),
('3174040104880001', 16, 21, '4', 0, 1),
('3174040104880001', 17, 6, '2', 1, 0),
('3174040104880001', 17, 14, '0', 0, 1),
('3174040104880001', 18, 3, '0', 0, 1),
('3174040104880001', 18, 11, '1', 0, 1),
('3174040104880001', 20, 14, '1', 0, 1),
('3174040104880001', 21, 4, '0', 1, 0),
('3174040104880001', 21, 15, '5', 0, 1),
('3174040104880001', 22, 7, '8', 1, 0),
('3174040104880001', 25, 7, '9', 1, 0),
('3174040104880001', 25, 8, '8', 0, 1),
('3174040104880001', 26, 4, '2', 1, 0),
('3174040104880001', 26, 6, '3', 1, 0),
('3174040104880001', 27, 2, '3', 1, 0),
('3174040104880001', 27, 14, '8', 0, 1),
('3174040104880001', 29, 15, '6', 1, 0),
('3174040104880001', 32, 16, '1', 0, 1),
('3174040104880001', 33, 12, '3', 0, 1),
('3174040104880001', 37, 12, '0', 1, 0),
('3174040104880001', 38, 1, '2', 1, 0),
('3174040104880001', 42, 1, '7', 1, 0),
('3174040104880001', 43, 4, '2', 1, 0),
('3174040104880001', 44, 4, '3', 1, 0),
('3174040104880001', 45, 3, '8', 1, 0),
('1241214141242143', 1, 1, '1', 0, 1),
('1241214141242143', 1, 2, '1', 0, 1),
('1241214141242143', 1, 4, '1', 0, 1),
('1241214141242143', 1, 6, '1', 0, 1),
('1241214141242143', 1, 7, '1', 0, 1),
('1241214141242143', 2, 1, '1', 0, 1),
('1241214141242143', 2, 2, '1', 0, 1),
('1241214141242143', 2, 3, '1', 0, 1),
('1241214141242143', 2, 4, '1', 0, 1),
('1241214141242143', 2, 7, '1', 0, 1),
('1241214141242143', 3, 1, '1', 0, 1),
('1241214141242143', 3, 2, '1', 0, 1),
('1241214141242143', 3, 3, '1', 0, 1),
('1241214141242143', 3, 5, '1', 0, 1),
('1241214141242143', 3, 6, '1', 0, 1),
('1241214141242143', 3, 7, '1', 0, 1),
('1241214141242143', 3, 8, '1', 0, 1),
('1241214141242143', 3, 9, '1', 0, 1),
('1241214141242143', 4, 1, '1', 0, 1),
('1241214141242143', 4, 2, '1', 0, 1),
('1241214141242143', 4, 4, '1', 0, 1),
('1241214141242143', 4, 6, '1', 0, 1),
('1241214141242143', 4, 7, '1', 0, 1),
('1241214141242143', 4, 9, '1', 0, 1),
('1241214141242143', 5, 1, '1', 0, 1),
('1241214141242143', 5, 2, '', 0, 1),
('1241214141242143', 5, 3, '1', 0, 1),
('1241214141242143', 5, 4, '1', 0, 1),
('1241214141242143', 5, 6, '1', 0, 1),
('1241214141242143', 5, 7, '1', 0, 1),
('1241214141242143', 5, 8, '1', 0, 1),
('1241214141242143', 5, 9, '1', 0, 1),
('1241214141242143', 6, 1, '1', 0, 1),
('1241214141242143', 6, 2, '1', 0, 1),
('1241214141242143', 6, 3, '1', 0, 1),
('1241214141242143', 6, 4, '1', 0, 1),
('1241214141242143', 6, 6, '1', 0, 1),
('1241214141242143', 6, 7, '1', 0, 1),
('1241214141242143', 7, 1, '1', 0, 1),
('1241214141242143', 7, 2, '1', 0, 1),
('1241214141242143', 7, 4, '1', 0, 1),
('1241214141242143', 7, 5, '1', 0, 1),
('1241214141242143', 7, 7, '1', 0, 1),
('1241214141242143', 7, 8, '1', 0, 1),
('1241214141242143', 7, 10, '1', 0, 1),
('1241214141242143', 8, 1, '1', 0, 1),
('1241214141242143', 8, 2, '1', 0, 1),
('1241214141242143', 8, 3, '1', 0, 1),
('1241214141242143', 8, 4, '1', 0, 1),
('1241214141242143', 8, 6, '1', 0, 1),
('1241214141242143', 8, 7, '1', 0, 1),
('1241214141242143', 8, 9, '1', 0, 1),
('1241214141242143', 8, 10, '1', 0, 1),
('1241214141242143', 9, 1, '1', 0, 1),
('1241214141242143', 9, 2, '1', 0, 1),
('1241214141242143', 9, 3, '1', 0, 1),
('1241214141242143', 9, 4, '1', 0, 1),
('1241214141242143', 9, 5, '1', 0, 1),
('1241214141242143', 10, 2, '1', 0, 1),
('1241214141242143', 10, 4, '1', 0, 1),
('1241214141242143', 10, 5, '1', 0, 1),
('1241214141242143', 10, 6, '1', 0, 1),
('1241214141242143', 11, 1, '1', 0, 1),
('1241214141242143', 11, 2, '1', 0, 1),
('1241214141242143', 11, 3, '1', 0, 1),
('1241214141242143', 11, 5, '1', 0, 1),
('1241214141242143', 11, 7, '1', 0, 1),
('1241214141242143', 12, 1, '1', 0, 1),
('1241214141242143', 12, 2, '1', 0, 1),
('1241214141242143', 12, 3, '1', 0, 1),
('1241214141242143', 12, 5, '1', 0, 1),
('1241214141242143', 12, 6, '1', 0, 1),
('1241214141242143', 13, 1, '1', 0, 1),
('1241214141242143', 13, 2, '1', 0, 1),
('1241214141242143', 13, 3, '1', 0, 1),
('1241214141242143', 13, 4, '1', 0, 1),
('1241214141242143', 13, 5, '1', 0, 1),
('1241214141242143', 13, 6, '1', 0, 1),
('1241214141242143', 13, 7, '1', 0, 1),
('1241214141242143', 14, 2, '1', 0, 1),
('1241214141242143', 14, 5, '1', 0, 1),
('1241214141242143', 14, 6, '1', 0, 1),
('1241214141242143', 14, 7, '1', 0, 1),
('1241214141242143', 15, 1, '1', 0, 1),
('1241214141242143', 15, 2, '1', 0, 1),
('1241214141242143', 15, 4, '1', 0, 1),
('1241214141242143', 15, 6, '1', 0, 1),
('1241214141242143', 15, 7, '1', 0, 1),
('1241214141242143', 15, 8, '1', 0, 1),
('1241214141242143', 15, 9, '1', 0, 1),
('1241214141242143', 16, 3, '1', 0, 1),
('1241214141242143', 16, 4, '1', 0, 1),
('1241214141242143', 16, 5, '1', 0, 1),
('1241214141242143', 16, 6, '1', 0, 1),
('1241214141242143', 16, 7, '1', 0, 1),
('1241214141242143', 17, 2, '1', 0, 1),
('1241214141242143', 17, 3, '1', 0, 1),
('1241214141242143', 17, 4, '1', 0, 1),
('1241214141242143', 17, 5, '1', 0, 1),
('1241214141242143', 17, 6, '1', 0, 1),
('1241214141242143', 17, 7, '1', 0, 1),
('1241214141242143', 18, 1, '1', 0, 1),
('1241214141242143', 18, 3, '1', 0, 1),
('1241214141242143', 18, 4, '1', 0, 1),
('1241214141242143', 18, 5, '1', 0, 1),
('1241214141242143', 18, 6, '1', 0, 1),
('1241214141242143', 18, 8, '1', 0, 1),
('1241214141242143', 19, 1, '1', 0, 1),
('1241214141242143', 19, 2, '1', 0, 1),
('1241214141242143', 19, 3, '1', 0, 1),
('1241214141242143', 19, 4, '1', 0, 1),
('1241214141242143', 19, 5, '1', 0, 1),
('1241214141242143', 19, 6, '1', 0, 1),
('1241214141242143', 19, 7, '1', 0, 1),
('1241214141242143', 20, 1, '1', 0, 1),
('1241214141242143', 20, 2, '1', 0, 1),
('1241214141242143', 20, 3, '1', 0, 1),
('1241214141242143', 20, 4, '1', 0, 1),
('1241214141242143', 20, 5, '1', 0, 1),
('1241214141242143', 20, 6, '1', 0, 1),
('1241214141242143', 20, 7, '1', 0, 1),
('1241214141242143', 20, 8, '1', 0, 1),
('1241214141242143', 20, 9, '1', 0, 1),
('1241214141242143', 21, 1, '1', 0, 1),
('1241214141242143', 21, 2, '1', 0, 1),
('1241214141242143', 21, 3, '1', 0, 1),
('1241214141242143', 21, 4, '1', 0, 1),
('1241214141242143', 21, 5, '1', 0, 1),
('1241214141242143', 21, 6, '1', 0, 1),
('1241214141242143', 22, 1, '1', 0, 1),
('1241214141242143', 22, 2, '1', 0, 1),
('1241214141242143', 22, 3, '1', 0, 1),
('1241214141242143', 22, 4, '1', 0, 1),
('1241214141242143', 22, 5, '1', 0, 1),
('1241214141242143', 22, 6, '1', 0, 1),
('1241214141242143', 22, 7, '1', 0, 1),
('1241214141242143', 23, 1, '1', 0, 1),
('1241214141242143', 23, 2, '1', 0, 1),
('1241214141242143', 23, 3, '1', 0, 1),
('1241214141242143', 23, 5, '1', 0, 1),
('1241214141242143', 23, 6, '1', 0, 1),
('1241214141242143', 23, 7, '1', 0, 1),
('1241214141242143', 24, 1, '1', 0, 1),
('1241214141242143', 24, 3, '1', 0, 1),
('1241214141242143', 24, 4, '1', 0, 1),
('1241214141242143', 24, 6, '1', 0, 1),
('1241214141242143', 25, 1, '1', 0, 1),
('1241214141242143', 25, 2, '1', 0, 1),
('1241214141242143', 25, 3, '1', 0, 1),
('1241214141242143', 25, 4, '1', 0, 1),
('1241214141242143', 25, 5, '1', 0, 1),
('1241214141242143', 26, 1, '1', 0, 1),
('1241214141242143', 26, 2, '1', 0, 1),
('1241214141242143', 26, 3, '1', 0, 1),
('1241214141242143', 26, 4, '1', 0, 1),
('1241214141242143', 26, 5, '1', 0, 1),
('1241214141242143', 26, 6, '1', 0, 1),
('1241214141242143', 26, 7, '1', 0, 1),
('1241214141242143', 26, 9, '1', 0, 1),
('1241214141242143', 27, 1, '1', 0, 1),
('1241214141242143', 27, 2, '1', 0, 1),
('1241214141242143', 27, 3, '1', 0, 1),
('1241214141242143', 27, 4, '1', 0, 1),
('1241214141242143', 27, 5, '1', 0, 1),
('1241214141242143', 27, 7, '1', 0, 1),
('1241214141242143', 28, 1, '1', 0, 1),
('1241214141242143', 28, 2, '1', 0, 1),
('1241214141242143', 28, 3, '1', 0, 1),
('1241214141242143', 28, 4, '1', 0, 1),
('1241214141242143', 28, 5, '1', 0, 1),
('1241214141242143', 28, 6, '1', 0, 1),
('1241214141242143', 28, 7, '1', 0, 1),
('1241214141242143', 28, 8, '1', 0, 1),
('1241214141242143', 28, 9, '1', 0, 1),
('1241214141242143', 28, 10, '1', 0, 1),
('1241214141242143', 28, 11, '1', 0, 1),
('1241214141242143', 29, 1, '1', 0, 1),
('1241214141242143', 29, 2, '1', 0, 1),
('1241214141242143', 29, 3, '1', 0, 1),
('1241214141242143', 29, 4, '1', 0, 1),
('1241214141242143', 29, 5, '1', 0, 1),
('1241214141242143', 29, 6, '1', 0, 1),
('1241214141242143', 29, 7, '1', 0, 1),
('1241214141242143', 30, 2, '1', 0, 1),
('1241214141242143', 30, 3, '', 0, 1),
('1241214141242143', 30, 5, '1', 0, 1),
('1241214141242143', 30, 6, '1', 0, 1),
('1241214141242143', 30, 7, '1', 0, 1),
('1241214141242143', 30, 8, '1', 0, 1),
('1241214141242143', 30, 9, '1', 0, 1),
('1241214141242143', 31, 1, '1', 0, 1),
('1241214141242143', 31, 2, '', 0, 1),
('1241214141242143', 31, 3, '', 0, 1),
('1241214141242143', 31, 4, '', 0, 1),
('1241214141242143', 31, 5, '1', 0, 1),
('1241214141242143', 32, 1, '1', 0, 1),
('1241214141242143', 32, 2, '', 0, 1),
('1241214141242143', 32, 3, '1', 0, 1),
('1241214141242143', 32, 5, '1', 0, 1),
('1241214141242143', 32, 6, '1', 0, 1),
('1241214141242143', 33, 1, '1', 0, 1),
('1241214141242143', 33, 2, '1', 0, 1),
('1241214141242143', 33, 3, '1', 0, 1),
('1241214141242143', 33, 4, '1', 0, 1),
('1241214141242143', 33, 5, '1', 0, 1),
('1241214141242143', 33, 6, '1', 0, 1),
('1241214141242143', 34, 1, '1', 0, 1),
('1241214141242143', 34, 2, '', 0, 1),
('1241214141242143', 34, 3, '1', 0, 1),
('1241214141242143', 34, 4, '', 0, 1),
('1241214141242143', 34, 5, '', 0, 1),
('1241214141242143', 34, 6, '', 0, 1),
('1241214141242143', 34, 7, '1', 0, 1),
('1241214141242143', 34, 8, '1', 0, 1),
('1241214141242143', 35, 1, '1', 0, 1),
('1241214141242143', 35, 2, '', 0, 1),
('1241214141242143', 35, 4, '1', 0, 1),
('1241214141242143', 35, 5, '1', 0, 1),
('1241214141242143', 35, 6, '1', 0, 1),
('1241214141242143', 35, 7, '1', 0, 1),
('1241214141242143', 35, 9, '1', 0, 1),
('1241214141242143', 36, 1, '1', 0, 1),
('1241214141242143', 36, 2, '', 0, 1),
('1241214141242143', 36, 3, '', 0, 1),
('1241214141242143', 36, 4, '1', 0, 1),
('1241214141242143', 36, 5, '1', 0, 1),
('1241214141242143', 36, 6, '1', 0, 1),
('1241214141242143', 37, 1, '1', 0, 1),
('1241214141242143', 37, 2, '', 0, 1),
('1241214141242143', 37, 3, '', 0, 1),
('1241214141242143', 37, 4, '', 0, 1),
('1241214141242143', 37, 5, '1', 0, 1),
('1241214141242143', 37, 6, '1', 0, 1),
('1241214141242143', 37, 7, '1', 0, 1),
('1241214141242143', 38, 1, '1', 0, 1),
('1241214141242143', 38, 2, '1', 0, 1),
('1241214141242143', 38, 3, '1', 0, 1),
('1241214141242143', 38, 4, '', 0, 1),
('1241214141242143', 38, 5, '1', 0, 1),
('1241214141242143', 38, 6, '1', 0, 1),
('1241214141242143', 38, 8, '1', 0, 1),
('1241214141242143', 38, 9, '1', 0, 1),
('1241214141242143', 38, 10, '1', 0, 1),
('1241214141242143', 38, 11, '1', 0, 1),
('1241214141242143', 38, 12, '1', 0, 1),
('1241214141242143', 39, 1, '1', 0, 1),
('1241214141242143', 39, 2, '', 0, 1),
('1241214141242143', 39, 4, '1', 0, 1),
('1241214141242143', 39, 5, '1', 0, 1),
('1241214141242143', 39, 6, '1', 0, 1),
('1241214141242143', 39, 7, '1', 0, 1),
('1241214141242143', 39, 9, '1', 0, 1),
('1241214141242143', 39, 10, '1', 0, 1),
('1241214141242143', 39, 11, '1', 0, 1),
('1241214141242143', 39, 13, '1', 0, 1),
('1241214141242143', 39, 14, '1', 0, 1),
('1241214141242143', 40, 2, '1', 0, 1),
('1241214141242143', 40, 3, '1', 0, 1),
('1241214141242143', 40, 4, '1', 0, 1),
('1241214141242143', 40, 5, '1', 0, 1),
('1241214141242143', 40, 6, '1', 0, 1),
('1241214141242143', 40, 7, '1', 0, 1),
('1241214141242143', 41, 1, '1', 0, 1),
('1241214141242143', 41, 2, '1', 0, 1),
('1241214141242143', 42, 1, '1', 0, 1),
('1241214141242143', 42, 2, '1', 0, 1),
('1241214141242143', 42, 3, '', 0, 1),
('1241214141242143', 42, 4, '1', 0, 1),
('1241214141242143', 42, 5, '1', 0, 1),
('1241214141242143', 42, 6, '1', 0, 1),
('1241214141242143', 43, 2, '1', 0, 1),
('1241214141242143', 43, 3, '1', 0, 1),
('1241214141242143', 43, 4, '1', 0, 1),
('1241214141242143', 43, 5, '1', 0, 1),
('1241214141242143', 44, 1, '1', 0, 1),
('1241214141242143', 44, 2, '1', 0, 1),
('1241214141242143', 44, 3, '', 0, 1),
('1241214141242143', 44, 4, '', 0, 1),
('1241214141242143', 45, 1, '1', 0, 1),
('1241214141242143', 45, 2, '1', 0, 1),
('1241214141242143', 45, 3, '1', 0, 1),
('1241214141242143', 45, 4, '1', 0, 1),
('1241214141242143', 45, 5, '1', 0, 1),
('1241214141242143', 45, 6, '1', 0, 1);

-- --------------------------------------------------------

--
-- Table structure for table `soal_disc`
--

CREATE TABLE `soal_disc` (
  `no_soal` int(2) DEFAULT NULL,
  `sequence` int(1) DEFAULT NULL,
  `pernyataan` varchar(50) DEFAULT NULL,
  `komponen` varchar(1) DEFAULT NULL,
  `tipe` varchar(1) DEFAULT NULL
) ENGINE=MyISAM DEFAULT CHARSET=latin1;

--
-- Dumping data for table `soal_disc`
--

INSERT INTO `soal_disc` (`no_soal`, `sequence`, `pernyataan`, `komponen`, `tipe`) VALUES
(1, 1, 'baik hati', 'S', 'P'),
(1, 2, 'Memberi pengaruh', 'I', 'A'),
(1, 3, 'rendah hati', 'C', 'P'),
(1, 4, 'kreatif', 'D', 'B'),
(2, 1, 'menarik', 'I', 'P'),
(2, 2, 'menuruti perintah', 'C', 'P'),
(2, 3, 'berkemauan keras', 'D', 'P'),
(2, 4, 'menyenangkan', 'S', 'B'),
(3, 1, 'mudah diarahkan', 'C', 'B'),
(3, 2, 'berani bertindak', 'D', 'P'),
(3, 3, 'dapat dipercaya', 'S', 'A'),
(3, 4, 'menarik', 'I', 'P'),
(4, 1, 'bersikap terbuka', 'C', 'A'),
(4, 2, 'bersedia membantu', 'S', 'P'),
(4, 3, 'berpendirian kuat', 'D', 'B'),
(4, 4, 'periang', 'I', 'P'),
(5, 1, 'bersuka cita', 'I', 'B'),
(5, 2, 'tepat & akurat', 'C', 'P'),
(5, 3, 'berani', 'D', 'B'),
(5, 4, 'emosi yang stabil', 'S', 'P'),
(6, 1, 'suka berkompetisi', 'D', 'P'),
(6, 2, 'penuh pertimbangan', 'S', 'P'),
(6, 3, 'gembira', 'I', 'B'),
(6, 4, 'harmonis', 'C', 'B'),
(7, 1, 'ingin segalanya akurat', 'C', 'B'),
(7, 2, 'mengikuti peraturan', 'S', 'A'),
(7, 3, 'ingin selalu menang', 'D', 'P'),
(7, 4, 'kurang berani', 'I', 'P'),
(8, 1, 'berani', 'D', 'A'),
(8, 2, 'memberi inspirasi', 'I', 'A'),
(8, 3, 'bersedia mengalah', 'S', 'B'),
(8, 4, 'pemalu', 'C', 'B'),
(9, 1, 'suka bergaul', 'I', 'P'),
(9, 2, 'sabar', 'S', 'P'),
(9, 3, 'mandiri', 'D', 'P'),
(9, 4, 'berbicara secara halus', 'C', 'A'),
(10, 1, 'mau mengambil resiko', 'D', 'P'),
(10, 2, 'mudah menerima saran', 'C', 'A'),
(10, 3, 'bersikap sopan', 'I', 'B'),
(10, 4, 'tenang', 'S', 'P'),
(11, 1, 'suka berbicara', 'I', 'P'),
(11, 2, 'mengendalikan diri', 'S', 'P'),
(11, 3, 'mengikuti kebiasaan', 'C', 'B'),
(11, 4, 'tegas dalam mengambil keputusan', 'D', 'P'),
(12, 1, 'tampil tenang', 'I', 'B'),
(12, 2, 'berani mengambil resiko', 'D', 'P'),
(12, 3, 'diplomatis', 'C', 'A'),
(12, 4, 'merasa puas', 'S', 'P'),
(13, 1, 'agresif', 'D', 'A'),
(13, 2, 'sangat antusias', 'I', 'P'),
(13, 3, 'mudah dimanfaatkan', 'S', 'P'),
(13, 4, 'mudah cemas', 'C', 'B'),
(14, 1, 'hati-hati', 'C', 'P'),
(14, 2, 'berkemauan kuat', 'D', 'A'),
(14, 3, 'meyakinkan', 'I', 'P'),
(14, 4, 'tulus', 'S', 'A'),
(15, 1, 'rela membantu', 'S', 'A'),
(15, 2, 'berkeinginan kuat', 'C', 'B'),
(15, 3, 'penurut', 'C', 'P'),
(15, 4, 'bersemangat', 'D', 'B'),
(16, 1, 'percaya diri', 'I', 'A'),
(16, 2, 'prihatin terhadap sesama', 'S', 'B'),
(16, 3, 'toleran', 'C', 'B'),
(16, 4, 'berani mempertahankan hak', 'D', 'P'),
(17, 1, 'disiplin', 'C', 'A'),
(17, 2, 'murah hati', 'S', 'P'),
(17, 3, 'dramatis', 'I', 'B'),
(17, 4, 'tekun', 'D', 'P'),
(18, 1, 'mudah dikagumi', 'I', 'A'),
(18, 2, 'baik hati', 'S', 'A'),
(18, 3, 'pasrah', 'C', 'B'),
(18, 4, 'bertekad mencapai hasil', 'D', 'P'),
(19, 1, 'bersikap hormat', 'C', 'A'),
(19, 2, 'ingin memimpin', 'D', 'P'),
(19, 3, 'optimis', 'I', 'P'),
(19, 4, 'suka menolong', 'S', 'P'),
(20, 1, 'suka berdebat', 'D', 'P'),
(20, 2, 'mudah menyesuaikan diri', 'C', 'A'),
(20, 3, 'bersikap santai', 'S', 'B'),
(20, 4, 'periang ', 'I', 'P'),
(21, 1, 'mudah percaya', 'S', 'A'),
(21, 2, 'puas terhadap diri sendiri', 'S', 'B'),
(21, 3, 'berpikiran positif', 'D', 'P'),
(21, 4, 'suka damai', 'C', 'P'),
(22, 1, 'mudah menyesuaikan diri', 'I', 'P'),
(22, 2, 'bersikap sewajarnya', 'C', 'B'),
(22, 3, 'bersemangat tinggi', 'D', 'P'),
(22, 4, 'peduli sesama', 'S', 'P'),
(23, 1, 'suka berteman', 'I', 'P'),
(23, 2, 'akurat', 'C', 'A'),
(23, 3, 'terus terang', 'D', 'P'),
(23, 4, 'mengendalikan emosi', 'S', 'B'),
(24, 1, 'gelisah', 'D', 'P'),
(24, 2, 'ramah', 'S', 'P'),
(24, 3, 'ingin disukai', 'I', 'P'),
(24, 4, 'setia', 'C', 'P');

-- --------------------------------------------------------

--
-- Table structure for table `soal_papi`
--

CREATE TABLE `soal_papi` (
  `no_soal` int(3) DEFAULT NULL,
  `pernyataan_A` varchar(3) DEFAULT NULL,
  `pernyataan_B` varchar(3) DEFAULT NULL
) ENGINE=MyISAM DEFAULT CHARSET=latin1;

--
-- Dumping data for table `soal_papi`
--

INSERT INTO `soal_papi` (`no_soal`, `pernyataan_A`, `pernyataan_B`) VALUES
(29, '57', '58'),
(28, '55', '56'),
(27, '53', '54'),
(26, '51', '52'),
(25, '49', '50'),
(24, '47', '48'),
(23, '45', '46'),
(22, '43', '44'),
(21, '41', '42'),
(20, '39', '40'),
(19, '37', '38'),
(18, '35', '36'),
(17, '33', '34'),
(16, '31', '32'),
(15, '29', '30'),
(14, '27', '28'),
(13, '25', '26'),
(12, '23', '24'),
(11, '21', '22'),
(10, '19', '20'),
(9, '17', '18'),
(8, '15', '16'),
(7, '13', '14'),
(6, '11', '12'),
(5, '9', '10'),
(4, '7', '8'),
(3, '5', '6'),
(2, '3', '4'),
(1, '1', '2'),
(88, '175', '176'),
(87, '173', '174'),
(86, '171', '172'),
(85, '169', '170'),
(84, '167', '168'),
(83, '165', '166'),
(82, '163', '164'),
(81, '161', '162'),
(80, '159', '160'),
(79, '157', '158'),
(78, '155', '156'),
(77, '153', '154'),
(76, '151', '152'),
(75, '149', '150'),
(74, '147', '148'),
(73, '145', '146'),
(72, '143', '144'),
(71, '141', '142'),
(70, '139', '140'),
(69, '137', '138'),
(68, '135', '136'),
(67, '133', '134'),
(66, '131', '132'),
(65, '129', '130'),
(64, '127', '128'),
(63, '125', '126'),
(62, '123', '124'),
(61, '121', '122'),
(60, '119', '120'),
(59, '117', '118'),
(58, '115', '116'),
(57, '113', '114'),
(56, '111', '112'),
(55, '109', '110'),
(54, '107', '108'),
(53, '105', '106'),
(52, '103', '104'),
(51, '101', '102'),
(50, '99', '100'),
(49, '97', '98'),
(48, '95', '96'),
(47, '93', '94'),
(46, '91', '92'),
(45, '89', '90'),
(44, '87', '88'),
(43, '85', '86'),
(42, '83', '84'),
(41, '81', '82'),
(40, '79', '80'),
(39, '77', '78'),
(38, '75', '76'),
(37, '73', '74'),
(36, '71', '72'),
(35, '69', '70'),
(34, '67', '68'),
(33, '65', '66'),
(32, '63', '64'),
(31, '61', '62'),
(30, '59', '60'),
(90, '179', '180'),
(89, '177', '178');

-- --------------------------------------------------------

--
-- Table structure for table `soal_wpt`
--

CREATE TABLE `soal_wpt` (
  `no_soal` int(2) NOT NULL,
  `question` text NOT NULL,
  `answer` varchar(5) NOT NULL,
  `multi_ans` tinyint(1) DEFAULT '0',
  `img` varchar(20) NOT NULL
) ENGINE=InnoDB DEFAULT CHARSET=latin1;

--
-- Dumping data for table `soal_wpt`
--

INSERT INTO `soal_wpt` (`no_soal`, `question`, `answer`, `multi_ans`, `img`) VALUES
(1, 'Bulan lalu pada awal tahun ini adalah 1. Januari 2. Maret 3. Juli 4. Desember 5. Oktober', '4', 0, '0'),
(2, 'Menangkap adalah lawan kata dari <br /> 1. meletakkan 2. membebaskan 3. beresiko 4. berusaha 5. turun tingkat', '2', 0, '0'),
(3, 'Sebagian besar hal dibawah ini serupa satu sama lain. Manakah salah satu diantaranya yang <br/> kurang serupa dengan yang lain? <br /> 1. januari 2. Agustus 3. Rabu 4. Oktober 5. Desember', '3', 0, '0'),
(4, 'Jawablah dengan menuliskan YA atau TIDAK. Apakah RSVP berarti ''jawaban yang tidak perlu''', 'TIDAK', 0, '0'),
(5, 'Dalam kelompok kata berikut, manakah kata yang berbeda dari kata yang lain? <br /> 1. pasukan 2. liga 3. berpartisipasi 4. pak 5. kelompok', '3', 0, '0'),
(6, 'BIASA adalah lawan kata dari 1. jarang 2. terbiasa 3. tetap 4. berhenti 5. selalu', '1', 0, '0'),
(7, 'Gambar manakah yang terbuat dari dua gambar di dalam tanda kurung?', '3', 0, '1'),
(8, 'Pehatikan urutan angka berikut. Angka berapa yang selanjutnya muncul? 6 4 2 1 1/2 1/4 ?', '1/8', 0, '0'),
(9, 'Klien dan Pelanggan Apakah kata-kata ini:<br >1. memiliki arti yang sama 2. memiliki arti berlawanan 3. tidak memiliki arti sama atau berlainan', '1', 0, '0'),
(10, 'Manakah kata berikut ini yang berhubungan dengan aroma saat gigi mengunyah? <br/> 1. manis 2. bau tak sedap 3. bau wangi 4. hidung 5. bersih', '4', 0, '0'),
(11, 'MUSIM GUGUR adalah lawan dari:<br >1. Liburan 2. musim panas 3. musim dingin 4. musim semi 5. musim gugur', '3', 0, '0'),
(12, 'Sebuah pesawat terbang 300 kaki dalam 1/2 detik. Pada kecepatan yang sama berapa kaki lagi terbang dalam 10 detik?', '6000', 0, '0'),
(13, 'Anggaplah dua pernyataan pertama adalah benar. Apakah yang terakhir: 1. benar 2. salah<br /> 3. tidak tahu? <br/> Anak-anak lelaki ini adalah anak yang normal. Semua anak normal sifatnya aktif. Anak-anak <br/> lelaki ini aktif', '1', 0, '0'),
(14, 'JAUH adalah lawan kata dari 1. terpencil 2. dekat 3. jauh 4. terburu-buru 5. pasti', '2', 0, '0'),
(15, '3 permen lemon seharga 10 rupiah. Berapa harga 1/2 lusin?', '20', 0, '0'),
(16, 'Berapa banyak duplikasi yang sama dari lima pasangan angka dibawah ini?<br /> &nbsp;&nbsp;&nbsp; 84721&nbsp;&nbsp;84721<br/>&nbsp;&nbsp;&nbsp; 9210651&nbsp;&nbsp;9210651<br/>&nbsp;&nbsp;&nbsp;14201201&nbsp;&nbsp;14210210<br/>&nbsp;&nbsp;&nbsp; 96101101&nbsp;&nbsp;96101161<br/>&nbsp;&nbsp;&nbsp; 88884444&nbsp;&nbsp;88884444', '2', 0, '0'),
(17, 'Misalkan Anda menyusun kata-kata berikut sehingga menjadi pernyataan yang benar. Lalu tuliskan huruf terakhir dari kata terakhir sebagai jawaban.<br /><i>Selalu sebuah kata kerja kalimat suatu memiliki</i>', 'A', 0, '0'),
(18, 'Anak lelaki berumur 5 tahun dan saudara perempuannya dua kali lebih tua. Ketika anak lelaku itu berumur 8 tahun, berapa umur saudara perempuannya?', '13', 0, '0'),
(19, 'IT''S ITS<br />Apakah kata ini<br />1. memiliki arti yang sama 2. memiliki arti yang berlawanan 3. tidak memiliki arti yang sama atau berlawanan', '3', 0, '0'),
(20, 'Anggaplah dua pernyataan pertama adalah benar, Apakah pernyataan terakhir:<br />1. benar 2. salah 3. tidak tahu.<br />John seusia dengan Sally. Sally lebih muda dari Bill. John lebih muda dari Bill.', '1', 0, '0'),
(21, 'Seorang pedagan membeli beberapa barrel seharga 4.000 rupiah. Ia menjual dengan harga 5.000 rupiah, mendapat untung 50 rupiah setiap barrel. Berapa banyak barel yang dijual?', '20', 0, '0'),
(22, 'Misalkan Anda menyusun kata-kata berikut sehingga menjadi kalimat lengkap. Jika kalimat itu benar, tulislah (B). Jika salah, tulislah (S). <br /><i>telur menghasilkan semua ayam</i>', 'S', 0, '0'),
(23, 'Dua dari peribahasa berikut ini memiliki arti sama. Manakah itu?<br />1. Semakin banyak memiliki sapi, akan memiliki satu anak sapi yang buruk.<br />2. Anak seperti Ayahnya.<br />3. Bila tertinggal sama jauhnya dengan satu mil<br />4. Seorang dikenal dari persahabatan yang dijalin<br />5. Mereka adalah benih dari mangkuk yang sama.', '2,5', 1, '0'),
(24, 'Sebuah jam terlambat 1 menit 18 detik dalam 39 hari. Berapa detik ia terlambat dalam sehari?', '2', 0, '0'),
(25, 'CANVASS CANVAS<br/>Apakah kata-kata ini :<br />1. memiliki arti yang sama 2. memiliki arti yang berlawanan 3. tidak memiliki arti yang sama atau berlawanan', '3', 0, '0'),
(26, 'Anggaplah dua pernyataan pertama adalah benar. Pernyataan terakhir:<br />1. benar 2. salah 3. tidak tahu.<br />Semua siswa mengikuti ujian. Beberapa orang di ruangan ini adalah siswa. Beberapa orang di ruangan ini mengikuti ujian.', '1', 0, '0'),
(27, 'Dalam 30 hari seorang menabung 1 dolar. Berapa rata-rata tabungannya setiap hari?', '1/30', 0, '0'),
(28, 'INGENIOUS INGENUOUS<br /> Apakah kata-kata ini<br />1. memiliki arti yang sama 2. memiliki arti yang berlawanan 3. tidak memiliki arti sama atau berlawanan', '3', 0, '0'),
(29, 'Dua orang menangkap 36 ikan. X menangkap 5 kali lebih banyak dari Y. Berapa ikan yang ditangkap Y?', '6', 0, '0'),
(30, 'Sebuah kotak segi empat, yang terisi penuh, memuat 800 kubik kaki gandum. Jika satu kotak lebarnya 8 kaki dan panjangnya 10 kaki, berapa kedalaman kotak itu?', '10', 0, '0'),
(31, 'Satu angka dari rangkaian berikut tidak cocok dengan pola angka yang lainnya. Angka berapakah itu? <br /> 1/2&nbsp;&nbsp;1/4&nbsp;&nbsp;1/6&nbsp;&nbsp;1/8&nbsp;&nbsp;1/9&nbsp;&nbsp;1/12', '1/9', 0, '0'),
(32, 'Jawablah pertanyaan ini dengan menulis YA atau TIDAK. Apakah P.M. berarti ''post merediem''?', 'Ya', 0, '0'),
(33, 'DAPAT DIPERCAYA&nbsp;&nbsp;GAMPANG DIPERCAYA<br />Apakah kata-kata ini<br />1. memiliki arti sama 2. memiliki arti berlawanan 3. tidak memiliki arti sama atau berlawanan', '3', 0, '0'),
(34, 'Sebuah rok membutuhkan 2 1/4 meter kain. Berapa banyak potong yang dihasilkan dari 45 meter kain?', '20', 0, '0'),
(35, 'Sebuah jam menunjuk tepat pada pukul 12 siang hari pada hari Senin. Pada pukul 2 siang, hari <br/> rabu, jam itu terlambat 26 detik. Pada rata-rata yang sama, berapa banyak jam itu terlambat <br/>dalam 1/2 jam?', '1/4', 0, '0'),
(36, 'Tim bisbol kami kalah 9 permainan dalam musim ini. Ini merupakan 3/8 bagian dari semua<br/> pertandingan mereka. Berapa banyak pertandingan yang mereka mainkan dalam musim<br/> kompetisi saat ini?', '24', 0, '0'),
(37, 'Apakah angka selanjutnya dari seri ini? 1 .5 .25 .125', '.0625', 0, '0'),
(38, 'Bentuk geometris ini dapat dibagi oleh suatu garis lurus menjadi dua bagian yang dapat <br/> disatukan dengan suatu cara hingga membentuk bujur sangkar yang sempurna. Gambarlah<br/> garis yang menghubungkan dua dari angka-angka yang ada. Lalu tuliskan angka tersebut <br/> sebagai jawaban.', '6,9', 1, '1'),
(39, 'Apakah arti dari kalimat berikut: 1. sama 2. berlawanan 3. tidak sama atau berlawanan? <br/> Sebuah sapu yang baru menyapu dengan bersih. Sepatu yang sudah lama sifatnya makin lunak.', '2', 0, '0'),
(40, 'Berapa duplikasi pasangan kata berikut ini?<br/>&nbsp;&nbsp;&nbsp; Rexford, J.D.&nbsp;&nbsp;Rockford, J.D<br/>&nbsp;&nbsp;&nbsp; Richards, W.E.&nbsp;&nbsp;Richad, W.E.<br/>&nbsp;&nbsp;&nbsp; Wood, A.O.&nbsp;&nbsp;Wood, A.O<br/>&nbsp;&nbsp;&nbsp; Siegel, A.B.&nbsp;&nbsp;Siegel, A.B.<br/>&nbsp;&nbsp;&nbsp; Singleton, M.O.&nbsp;&nbsp;Simbleten, M.O.', '1', 0, '0'),
(41, 'Dari dua peribahasa ini memiliki makna yang serupa. Manakah itu?<br/>&nbsp;&nbsp;&nbsp; 1. Anda tidak dapat membuat dompet sutra dari kuping babi betina <br/>&nbsp;&nbsp;&nbsp; 2. Orang yang mencuri telur akan mencuri sapi<br/>&nbsp;&nbsp;&nbsp; 3. Batu yang berguling tidak akan mengumpulkan lumut<br/>&nbsp;&nbsp;&nbsp; 4. Anda tidak mungkin menghancurkan kapal yang sudah rusak.<br/>&nbsp;&nbsp;&nbsp; 5. Ini ketidakmungkinan yang terjadi', '1,4', 0, '0'),
(42, 'Gambar geometris ini dapat dibagi dengan garis lurus menjadi dua bagian yang dapat <br/>disatukan untuk membentuk sebuah bujur sangkar yang sempurna. Gambarlah suatu garis dengan<br/> menghubungkan dua angka yang ada. Lalu tulislah angka itu sebagai jawaban<br/>', '3,22', 1, '1'),
(43, 'Dalam kelompok angka berikut ini, manakah angka yang terkecil? 10 1 .999 .33 11', '.33', 0, '0'),
(44, 'Apakah makna dari kalimat berikut: 1. sama 2. berlawanan 3. tidak sama atau berlawanan? <br/> Tidak ada orang jujur meminta maaf atas kejujurannya. Kejujuran dihormati dan lapar pujian.', '2', 0, '0'),
(45, 'Dengan harga 1.80 dolar, seorang grosir membeli satu kardus buah yang berisi 12 lusin. Ia tahu<br/> dua lusin akan busuk sebelum dia menjualnya. Dengan harga berapa per lusin dia harus <br/> menjual jeruk itu untuk mendapat 1/3 hari harga seluruhnya?', '24', 0, '0'),
(46, 'Dalam rangkaian kata berikut ini, manakah kata yang berbeda dari yang lainnya? <br/> 1. koloni 2. perlawanan 3. kawanan 4. kru 5. konstelasi', '2', 0, '0'),
(47, 'Anggaplah dua pernyataan pertama ini benar. Apakah pernyataan terakhir? 1. benar 2. salah <br/> 3. tidak tahu. Orang besar dibodohi. Saya dibodohi. Saya adalah orang besar.', '3', 0, '0'),
(48, 'Tiga orang membentuk kemitraan dan setuju membagi keuntungan secara rata. X <br/> menginvestasi 4.500 dolar. Y sebesar 3.500 dolar dan Z sebesar 2.000 dolar. Jika keuntungan <br/> mencapai 1.500 dolar, lebih kurang berapa yang akan diperoleh X dibanding jika keuntungan <br/> dibagi berdasarkan besarnya investasi?', '175', 0, '0'),
(49, 'Empat dari 5 bagian ini dapat digabungkan untuk membuat segi tiga. Manakah keempat gambar ini?', '1,2,4', 1, '1'),
(50, 'Untuk mencetak sebuah artikel berisi 30.000 kata, sebuah percetakan memutuskan untuk <br/> memakai dua ukuran jenis. Dengan menggunakan tipe yang lebih besar, sebuah halaman<br/>tercetak akan memuat 1.200 kata. Dengan tipe yang lebih kecil, sebuah halaman memuat 1.500<br/>kata. Artikel ini masuk dalam 22 halaman di majalah. Berapa banyak halaman yang dibutuhkan<br/> untuk tipe yang lebih kecil?', '12', 0, '0');

-- --------------------------------------------------------

--
-- Table structure for table `template`
--

CREATE TABLE `template` (
  `template_id` int(1) DEFAULT NULL,
  `x` int(2) DEFAULT NULL,
  `y` int(2) DEFAULT NULL,
  `value` int(1) DEFAULT NULL,
  `answer` int(1) DEFAULT NULL
) ENGINE=InnoDB DEFAULT CHARSET=utf8;

--
-- Dumping data for table `template`
--

INSERT INTO `template` (`template_id`, `x`, `y`, `value`, `answer`) VALUES
(1, 1, 1, 9, 6),
(1, 1, 2, 7, 9),
(1, 1, 3, 2, 1),
(1, 1, 4, 9, 4),
(1, 1, 5, 5, 1),
(1, 1, 6, 6, 2),
(1, 1, 7, 6, 3),
(1, 1, 8, 7, 1),
(1, 1, 9, 3, 9),
(1, 1, 10, 6, 1),
(1, 1, 11, 4, 2),
(1, 1, 12, 8, 1),
(1, 1, 13, 3, 2),
(1, 1, 14, 9, 8),
(1, 1, 15, 9, 4),
(1, 1, 16, 5, 9),
(1, 1, 17, 4, 8),
(1, 1, 18, 4, 3),
(1, 1, 19, 9, 1),
(1, 1, 20, 2, 4),
(1, 1, 21, 2, 8),
(1, 1, 22, 6, 4),
(1, 1, 23, 8, 3),
(1, 1, 24, 5, 1),
(1, 1, 25, 5, 2),
(1, 1, 26, 7, 5),
(1, 1, 27, 8, 7),
(1, 1, 28, 9, 2),
(1, 1, 29, 3, 6),
(1, 1, 30, 3, 7),
(1, 1, 31, 4, 4),
(1, 1, 32, 0, 8),
(1, 1, 33, 8, 1),
(1, 1, 34, 2, 9),
(1, 1, 35, 7, 1),
(1, 1, 36, 4, 7),
(1, 1, 37, 3, 9),
(1, 1, 38, 6, 1),
(1, 1, 39, 5, 4),
(1, 1, 40, 9, 4),
(1, 1, 41, 5, 3),
(1, 1, 42, 8, 4),
(1, 1, 43, 6, 1),
(1, 1, 44, 4, 3),
(1, 1, 45, 9, 2),
(1, 1, 46, 3, 7),
(1, 1, 47, 4, 1),
(1, 1, 48, 6, 3),
(1, 1, 49, 7, 6),
(1, 1, 50, 9, 5),
(1, 1, 51, 6, 5),
(1, 1, 52, 9, 1),
(1, 1, 53, 2, 9),
(1, 1, 54, 7, 2),
(1, 1, 55, 5, 4),
(1, 1, 56, 9, 5),
(1, 1, 57, 6, 2),
(1, 1, 58, 6, 9),
(1, 1, 59, 3, 1),
(1, 1, 60, 7, 3),
(1, 1, 61, 6, NULL),
(1, 2, 1, 9, 8),
(1, 2, 2, 9, 7),
(1, 2, 3, 8, 2),
(1, 2, 4, 4, 8),
(1, 2, 5, 4, 1),
(1, 2, 6, 6, 1),
(1, 2, 7, 5, 7),
(1, 2, 8, 2, 9),
(1, 2, 9, 7, 4),
(1, 2, 10, 7, 5),
(1, 2, 11, 8, 7),
(1, 2, 12, 9, 2),
(1, 2, 13, 3, 6),
(1, 2, 14, 3, 1),
(1, 2, 15, 7, 8),
(1, 2, 16, 1, 7),
(1, 2, 17, 6, 8),
(1, 2, 18, 2, 7),
(1, 2, 19, 5, 2),
(1, 2, 20, 7, 6),
(1, 2, 21, 9, 3),
(1, 2, 22, 4, 6),
(1, 2, 23, 2, 1),
(1, 2, 24, 8, 1),
(1, 2, 25, 2, 9),
(1, 2, 26, 7, 4),
(1, 2, 27, 7, 1),
(1, 2, 28, 3, 8),
(1, 2, 29, 5, 7),
(1, 2, 30, 2, 5),
(1, 2, 31, 3, 5),
(1, 2, 32, 2, 6),
(1, 2, 33, 4, 1),
(1, 2, 34, 7, 2),
(1, 2, 35, 5, 3),
(1, 2, 36, 8, 4),
(1, 2, 37, 6, 5),
(1, 2, 38, 9, 7),
(1, 2, 39, 8, 2),
(1, 2, 40, 4, 9),
(1, 2, 41, 5, 8),
(1, 2, 42, 3, 1),
(1, 2, 43, 7, 1),
(1, 2, 44, 4, 1),
(1, 2, 45, 6, 9),
(1, 2, 46, 3, 1),
(1, 2, 47, 8, 6),
(1, 2, 48, 8, 5),
(1, 2, 49, 7, 3),
(1, 2, 50, 6, 1),
(1, 2, 51, 5, 4),
(1, 2, 52, 9, 7),
(1, 2, 53, 8, 7),
(1, 2, 54, 9, 3),
(1, 2, 55, 4, 8),
(1, 2, 56, 4, 9),
(1, 2, 57, 5, 1),
(1, 2, 58, 6, 3),
(1, 2, 59, 7, 9),
(1, 2, 60, 2, 9),
(1, 2, 61, 7, NULL),
(1, 3, 1, 0, 3),
(1, 3, 2, 3, 9),
(1, 3, 3, 6, 4),
(1, 3, 4, 8, 1),
(1, 3, 5, 3, 7),
(1, 3, 6, 4, 9),
(1, 3, 7, 5, 2),
(1, 3, 8, 7, 3),
(1, 3, 9, 6, 9),
(1, 3, 10, 3, 8),
(1, 3, 11, 5, 4),
(1, 3, 12, 9, 3),
(1, 3, 13, 4, 6),
(1, 3, 14, 2, 6),
(1, 3, 15, 4, 1),
(1, 3, 16, 7, 6),
(1, 3, 17, 9, 1),
(1, 3, 18, 2, 7),
(1, 3, 19, 5, 1),
(1, 3, 20, 6, 3),
(1, 3, 21, 7, 1),
(1, 3, 22, 4, 7),
(1, 3, 23, 3, 5),
(1, 3, 24, 2, 8),
(1, 3, 25, 6, 5),
(1, 3, 26, 9, 4),
(1, 3, 27, 5, 3),
(1, 3, 28, 8, 6),
(1, 3, 29, 8, 5),
(1, 3, 30, 7, 2),
(1, 3, 31, 5, 8),
(1, 3, 32, 3, 1),
(1, 3, 33, 8, 4),
(1, 3, 34, 6, 2),
(1, 3, 35, 6, 1),
(1, 3, 36, 4, 3),
(1, 3, 37, 9, 6),
(1, 3, 38, 7, 9),
(1, 3, 39, 2, 1),
(1, 3, 40, 8, 3),
(1, 3, 41, 5, 1),
(1, 3, 42, 5, 9),
(1, 3, 43, 4, 2),
(1, 3, 44, 8, 1),
(1, 3, 45, 3, 2),
(1, 3, 46, 9, 8),
(1, 3, 47, 9, 5),
(1, 3, 48, 6, 4),
(1, 3, 49, 8, 1),
(1, 3, 50, 2, 4),
(1, 3, 51, 2, 2),
(1, 3, 52, 0, 6),
(1, 3, 53, 6, 9),
(1, 3, 54, 3, 6),
(1, 3, 55, 3, 1),
(1, 3, 56, 8, 3),
(1, 3, 57, 5, 9),
(1, 3, 58, 4, 1),
(1, 3, 59, 6, 3),
(1, 3, 60, 7, 1),
(1, 3, 61, 3, NULL),
(1, 4, 1, 4, 6),
(1, 4, 2, 2, 8),
(1, 4, 3, 6, 1),
(1, 4, 4, 4, 7),
(1, 4, 5, 3, 1),
(1, 4, 6, 7, 6),
(1, 4, 7, 9, 5),
(1, 4, 8, 6, 1),
(1, 4, 9, 5, 9),
(1, 4, 10, 4, 2),
(1, 4, 11, 8, 4),
(1, 4, 12, 6, 3),
(1, 4, 13, 7, 4),
(1, 4, 14, 7, 9),
(1, 4, 15, 2, 5),
(1, 4, 16, 3, 6),
(1, 4, 17, 3, 7),
(1, 4, 18, 4, 3),
(1, 4, 19, 9, 4),
(1, 4, 20, 5, 7),
(1, 4, 21, 2, 9),
(1, 4, 22, 7, 3),
(1, 4, 23, 6, 4),
(1, 4, 24, 8, 6),
(1, 4, 25, 8, 7),
(1, 4, 26, 9, 1),
(1, 4, 27, 2, 6),
(1, 4, 28, 4, 9),
(1, 4, 29, 5, 8),
(1, 4, 30, 3, 2),
(1, 4, 31, 9, 7),
(1, 4, 32, 8, 3),
(1, 4, 33, 5, 1),
(1, 4, 34, 5, 1),
(1, 4, 35, 6, 9),
(1, 4, 36, 3, 5),
(1, 4, 37, 2, 1),
(1, 4, 38, 9, 3),
(1, 4, 39, 4, 8),
(1, 4, 40, 4, 1),
(1, 4, 41, 6, 8),
(1, 4, 42, 2, 4),
(1, 4, 43, 2, 1),
(1, 4, 44, 8, 5),
(1, 4, 45, 7, 2),
(1, 4, 46, 5, 4),
(1, 4, 47, 9, 8),
(1, 4, 48, 9, 6),
(1, 4, 49, 7, 1),
(1, 4, 50, 3, 1),
(1, 4, 51, 8, 2),
(1, 4, 52, 4, 1),
(1, 4, 53, 6, 8),
(1, 4, 54, 2, 5),
(1, 4, 55, 3, 7),
(1, 4, 56, 4, 3),
(1, 4, 57, 9, 6),
(1, 4, 58, 7, 2),
(1, 4, 59, 5, 1),
(1, 4, 60, 6, 1),
(1, 4, 61, 4, NULL),
(1, 5, 1, 6, 8),
(1, 5, 2, 2, 9),
(1, 5, 3, 7, 6),
(1, 5, 4, 9, 4),
(1, 5, 5, 5, 1),
(1, 5, 6, 5, 2),
(1, 5, 7, 7, 5),
(1, 5, 8, 8, 3),
(1, 5, 9, 5, 9),
(1, 5, 10, 4, 3),
(1, 5, 11, 9, 6),
(1, 5, 12, 7, 4),
(1, 5, 13, 7, 9),
(1, 5, 14, 2, 6),
(1, 5, 15, 4, 7),
(1, 5, 16, 3, 1),
(1, 5, 17, 8, 4),
(1, 5, 18, 6, 5),
(1, 5, 19, 9, 1),
(1, 5, 20, 2, 4),
(1, 5, 21, 2, 1),
(1, 5, 22, 8, 5),
(1, 5, 23, 7, 1),
(1, 5, 24, 3, 2),
(1, 5, 25, 9, 3),
(1, 5, 26, 4, 8),
(1, 5, 27, 4, 9),
(1, 5, 28, 5, 1),
(1, 5, 29, 6, 2),
(1, 5, 30, 6, 9),
(1, 5, 31, 3, 5),
(1, 5, 32, 2, 1),
(1, 5, 33, 9, 7),
(1, 5, 34, 8, 6),
(1, 5, 35, 8, 1),
(1, 5, 36, 3, 8),
(1, 5, 37, 5, 6),
(1, 5, 38, 1, 8),
(1, 5, 39, 7, 5),
(1, 5, 40, 8, 1),
(1, 5, 41, 2, 7),
(1, 5, 42, 5, 8),
(1, 5, 43, 3, 9),
(1, 5, 44, 6, 2),
(1, 5, 45, 6, 5),
(1, 5, 46, 9, 2),
(1, 5, 47, 3, 8),
(1, 5, 48, 5, 3),
(1, 5, 49, 8, 2),
(1, 5, 50, 4, 1),
(1, 5, 51, 7, 3),
(1, 5, 52, 6, 3),
(1, 5, 53, 7, 9),
(1, 5, 54, 2, 7),
(1, 5, 55, 5, 4),
(1, 5, 56, 9, 6),
(1, 5, 57, 7, 2),
(1, 5, 58, 5, 1),
(1, 5, 59, 5, 3),
(1, 5, 60, 8, 2),
(1, 5, 61, 4, NULL),
(1, 6, 1, 8, 6),
(1, 6, 2, 8, 2),
(1, 6, 3, 4, 9),
(1, 6, 4, 5, 8),
(1, 6, 5, 3, 1),
(1, 6, 6, 8, 5),
(1, 6, 7, 7, 4),
(1, 6, 8, 7, 9),
(1, 6, 9, 2, 1),
(1, 6, 10, 9, 5),
(1, 6, 11, 6, 1),
(1, 6, 12, 5, 9),
(1, 6, 13, 4, 8),
(1, 6, 14, 4, 1),
(1, 6, 15, 7, 3),
(1, 6, 16, 6, 8),
(1, 6, 17, 2, 1),
(1, 6, 18, 8, 7),
(1, 6, 19, 9, 8),
(1, 6, 20, 9, 2),
(1, 6, 21, 3, 5),
(1, 6, 22, 2, 2),
(1, 6, 23, 0, 2),
(1, 6, 24, 2, 7),
(1, 6, 25, 5, 7),
(1, 6, 26, 2, 5),
(1, 6, 27, 3, 9),
(1, 6, 28, 6, 1),
(1, 6, 29, 4, 2),
(1, 6, 30, 8, 1),
(1, 6, 31, 2, 8),
(1, 6, 32, 6, 3),
(1, 6, 33, 7, 1),
(1, 6, 34, 4, 1),
(1, 6, 35, 6, 1),
(1, 6, 36, 5, 4),
(1, 6, 37, 9, 5),
(1, 6, 38, 6, 4),
(1, 6, 39, 8, 7),
(1, 6, 40, 9, 8),
(1, 6, 41, 9, 2),
(1, 6, 42, 3, 7),
(1, 6, 43, 4, 1),
(1, 6, 44, 7, 2),
(1, 6, 45, 5, 3),
(1, 6, 46, 8, 2),
(1, 6, 47, 4, 6),
(1, 6, 48, 2, 5),
(1, 6, 49, 3, 6),
(1, 6, 50, 3, 1),
(1, 6, 51, 7, 5),
(1, 6, 52, 8, 2),
(1, 6, 53, 4, 2),
(1, 6, 54, 8, 1),
(1, 6, 55, 3, 8),
(1, 6, 56, 5, 2),
(1, 6, 57, 7, 5),
(1, 6, 58, 8, 1),
(1, 6, 59, 2, 9),
(1, 6, 60, 7, 6),
(1, 6, 61, 9, NULL),
(1, 7, 1, 7, 5),
(1, 7, 2, 8, 7),
(1, 7, 3, 9, 1),
(1, 7, 4, 2, 4),
(1, 7, 5, 2, 5),
(1, 7, 6, 3, 1),
(1, 7, 7, 7, 8),
(1, 7, 8, 1, 8),
(1, 7, 9, 7, 1),
(1, 7, 10, 4, 6),
(1, 7, 11, 2, 7),
(1, 7, 12, 5, 4),
(1, 7, 13, 9, 6),
(1, 7, 14, 7, 1),
(1, 7, 15, 3, 9),
(1, 7, 16, 6, 5),
(1, 7, 17, 9, 3),
(1, 7, 18, 4, 1),
(1, 7, 19, 6, 4),
(1, 7, 20, 8, 1),
(1, 7, 21, 3, 6),
(1, 7, 22, 3, 8),
(1, 7, 23, 5, 2),
(1, 7, 24, 7, 1),
(1, 7, 25, 3, 7),
(1, 7, 26, 4, 2),
(1, 7, 27, 8, 3),
(1, 7, 28, 5, 1),
(1, 7, 29, 6, 9),
(1, 7, 30, 3, 1),
(1, 7, 31, 7, 5),
(1, 7, 32, 8, 1),
(1, 7, 33, 2, 9),
(1, 7, 34, 7, 2),
(1, 7, 35, 5, 1),
(1, 7, 36, 5, 3),
(1, 7, 37, 8, 4),
(1, 7, 38, 6, 1),
(1, 7, 39, 4, 3),
(1, 7, 40, 9, 1),
(1, 7, 41, 2, 8),
(1, 7, 42, 6, 2),
(1, 7, 43, 6, 3),
(1, 7, 44, 7, 6),
(1, 7, 45, 9, 4),
(1, 7, 46, 5, 7),
(1, 7, 47, 2, 4),
(1, 7, 48, 2, 6),
(1, 7, 49, 4, 7),
(1, 7, 50, 3, 2),
(1, 7, 51, 9, 6),
(1, 7, 52, 7, 6),
(1, 7, 53, 9, 7),
(1, 7, 54, 8, 6),
(1, 7, 55, 8, 1),
(1, 7, 56, 2, 4),
(1, 7, 57, 2, 9),
(1, 7, 58, 7, 1),
(1, 7, 59, 3, 4),
(1, 7, 60, 1, 5),
(1, 7, 61, 4, NULL),
(1, 8, 1, 7, 9),
(1, 8, 2, 2, 8),
(1, 8, 3, 6, 4),
(1, 8, 4, 8, 6),
(1, 8, 5, 8, 1),
(1, 8, 6, 3, 7),
(1, 8, 7, 4, 2),
(1, 8, 8, 8, 1),
(1, 8, 9, 3, 8),
(1, 8, 10, 5, 7),
(1, 8, 11, 2, 9),
(1, 8, 12, 7, 3),
(1, 8, 13, 6, 1),
(1, 8, 14, 4, 7),
(1, 8, 15, 3, 9),
(1, 8, 16, 6, 1),
(1, 8, 17, 5, 8),
(1, 8, 18, 3, 2),
(1, 8, 19, 9, 7),
(1, 8, 20, 8, 2),
(1, 8, 21, 4, 1),
(1, 8, 22, 7, 2),
(1, 8, 23, 5, 9),
(1, 8, 24, 4, 6),
(1, 8, 25, 2, 1),
(1, 8, 26, 9, 5),
(1, 8, 27, 6, 2),
(1, 8, 28, 6, 9),
(1, 8, 29, 3, 1),
(1, 8, 30, 8, 3),
(1, 8, 31, 5, 1),
(1, 8, 32, 5, 4),
(1, 8, 33, 9, 6),
(1, 8, 34, 7, 1),
(1, 8, 35, 4, 1),
(1, 8, 36, 6, 5),
(1, 8, 37, 9, 2),
(1, 8, 38, 3, 6),
(1, 8, 39, 3, 5),
(1, 8, 40, 2, 1),
(1, 8, 41, 8, 5),
(1, 8, 42, 7, 6),
(1, 8, 43, 9, 8),
(1, 8, 44, 9, 4),
(1, 8, 45, 5, 1),
(1, 8, 46, 6, 8),
(1, 8, 47, 2, 6),
(1, 8, 48, 4, 8),
(1, 8, 49, 4, 9),
(1, 8, 50, 5, 2),
(1, 8, 51, 7, 4),
(1, 8, 52, 7, 3),
(1, 8, 53, 6, 8),
(1, 8, 54, 2, 1),
(1, 8, 55, 8, 6),
(1, 8, 56, 8, 2),
(1, 8, 57, 4, 7),
(1, 8, 58, 3, 6),
(1, 8, 59, 3, 1),
(1, 8, 60, 8, 3),
(1, 8, 61, 5, NULL),
(1, 9, 1, 7, 5),
(1, 9, 2, 8, 6),
(1, 9, 3, 8, 4),
(1, 9, 4, 6, 9),
(1, 9, 5, 3, 2),
(1, 9, 6, 9, 2),
(1, 9, 7, 3, 7),
(1, 9, 8, 4, 1),
(1, 9, 9, 6, 4),
(1, 9, 10, 8, 3),
(1, 9, 11, 5, 1),
(1, 9, 12, 5, 7),
(1, 9, 13, 2, 9),
(1, 9, 14, 7, 4),
(1, 9, 15, 7, 1),
(1, 9, 16, 4, 8),
(1, 9, 17, 4, 3),
(1, 9, 18, 9, 6),
(1, 9, 19, 7, 3),
(1, 9, 20, 6, 2),
(1, 9, 21, 6, 8),
(1, 9, 22, 2, 5),
(1, 9, 23, 3, 8),
(1, 9, 24, 5, 9),
(1, 9, 25, 4, 1),
(1, 9, 26, 7, 4),
(1, 9, 27, 7, 9),
(1, 9, 28, 2, 1),
(1, 9, 29, 9, 3),
(1, 9, 30, 4, 9),
(1, 9, 31, 5, 8),
(1, 9, 32, 3, 9),
(1, 9, 33, 6, 5),
(1, 9, 34, 9, 8),
(1, 9, 35, 9, 7),
(1, 9, 36, 8, 2),
(1, 9, 37, 4, 6),
(1, 9, 38, 2, 1),
(1, 9, 39, 8, 5),
(1, 9, 40, 7, 1),
(1, 9, 41, 3, 1),
(1, 9, 42, 8, 8),
(1, 9, 43, 0, 4),
(1, 9, 44, 4, 3),
(1, 9, 45, 9, 3),
(1, 9, 46, 4, 2),
(1, 9, 47, 8, 1),
(1, 9, 48, 2, 7),
(1, 9, 49, 5, 3),
(1, 9, 50, 8, 4),
(1, 9, 51, 6, 3),
(1, 9, 52, 7, 5),
(1, 9, 53, 8, 6),
(1, 9, 54, 8, 1),
(1, 9, 55, 3, 9),
(1, 9, 56, 6, 9),
(1, 9, 57, 3, 2),
(1, 9, 58, 9, 5),
(1, 9, 59, 6, 1),
(1, 9, 60, 4, 2),
(1, 9, 61, 8, NULL),
(1, 10, 1, 2, 1),
(1, 10, 2, 8, 4),
(1, 10, 3, 6, 1),
(1, 10, 4, 4, 6),
(1, 10, 5, 2, 9),
(1, 10, 6, 7, 4),
(1, 10, 7, 7, 5),
(1, 10, 8, 8, 1),
(1, 10, 9, 3, 2),
(1, 10, 10, 9, 4),
(1, 10, 11, 5, 9),
(1, 10, 12, 4, 8),
(1, 10, 13, 4, 1),
(1, 10, 14, 6, 3),
(1, 10, 15, 7, 1),
(1, 10, 16, 3, 6),
(1, 10, 17, 3, 8),
(1, 10, 18, 5, 7),
(1, 10, 19, 2, 1),
(1, 10, 20, 9, 7),
(1, 10, 21, 8, 6),
(1, 10, 22, 8, 2),
(1, 10, 23, 4, 7),
(1, 10, 24, 3, 9),
(1, 10, 25, 6, 5),
(1, 10, 26, 9, 1),
(1, 10, 27, 1, 1),
(1, 10, 28, 9, 4),
(1, 10, 29, 5, 4),
(1, 10, 30, 9, 5),
(1, 10, 31, 6, 3),
(1, 10, 32, 7, 2),
(1, 10, 33, 5, 1),
(1, 10, 34, 6, 9),
(1, 10, 35, 3, 5),
(1, 10, 36, 2, 7),
(1, 10, 37, 5, 2),
(1, 10, 38, 7, 6),
(1, 10, 39, 9, 5),
(1, 10, 40, 6, 1),
(1, 10, 41, 4, 2),
(1, 10, 42, 8, 7),
(1, 10, 43, 9, 1),
(1, 10, 44, 2, 8),
(1, 10, 45, 6, 1),
(1, 10, 46, 5, 3),
(1, 10, 47, 8, 1),
(1, 10, 48, 2, 4),
(1, 10, 49, 2, 6),
(1, 10, 50, 4, 7),
(1, 10, 51, 3, 5),
(1, 10, 52, 2, 8),
(1, 10, 53, 6, 4),
(1, 10, 54, 8, 1),
(1, 10, 55, 2, 6),
(1, 10, 56, 4, 1),
(1, 10, 57, 7, 4),
(1, 10, 58, 7, 1),
(1, 10, 59, 3, 1),
(1, 10, 60, 8, 7),
(1, 10, 61, 9, NULL),
(1, 11, 1, 4, 8),
(1, 11, 2, 4, 7),
(1, 11, 3, 3, 8),
(1, 11, 4, 5, 1),
(1, 11, 5, 6, 3),
(1, 11, 6, 7, 1),
(1, 11, 7, 3, 5),
(1, 11, 8, 2, 4),
(1, 11, 9, 2, 1),
(1, 11, 10, 9, 7),
(1, 11, 11, 8, 2),
(1, 11, 12, 4, 4),
(1, 11, 13, 0, 3),
(1, 11, 14, 3, 7),
(1, 11, 15, 4, 2),
(1, 11, 16, 8, 1),
(1, 11, 17, 2, 6),
(1, 11, 18, 4, 3),
(1, 11, 19, 9, 6),
(1, 11, 20, 7, 3),
(1, 11, 21, 6, 8),
(1, 11, 22, 2, 5),
(1, 11, 23, 3, 5),
(1, 11, 24, 2, 9),
(1, 11, 25, 7, 9),
(1, 11, 26, 2, 4),
(1, 11, 27, 2, 7),
(1, 11, 28, 5, 1),
(1, 11, 29, 6, 1),
(1, 11, 30, 5, 2),
(1, 11, 31, 7, 1),
(1, 11, 32, 4, 9),
(1, 11, 33, 5, 3),
(1, 11, 34, 8, 5),
(1, 11, 35, 7, 6),
(1, 11, 36, 9, 1),
(1, 11, 37, 2, 8),
(1, 11, 38, 6, 2),
(1, 11, 39, 6, 4),
(1, 11, 40, 8, 3),
(1, 11, 41, 5, 4),
(1, 11, 42, 9, 2),
(1, 11, 43, 3, 1),
(1, 11, 44, 8, 7),
(1, 11, 45, 9, 8),
(1, 11, 46, 9, 3),
(1, 11, 47, 4, 1),
(1, 11, 48, 7, 2),
(1, 11, 49, 5, 1),
(1, 11, 50, 5, 8),
(1, 11, 51, 3, 7),
(1, 11, 52, 4, 7),
(1, 11, 53, 3, 8),
(1, 11, 54, 5, 1),
(1, 11, 55, 6, 1),
(1, 11, 56, 5, 2),
(1, 11, 57, 7, 3),
(1, 11, 58, 6, 8),
(1, 11, 59, 2, 5),
(1, 11, 60, 3, 5),
(1, 11, 61, 2, NULL),
(1, 12, 1, 4, 8),
(1, 12, 2, 4, 7),
(1, 12, 3, 3, 8),
(1, 12, 4, 5, 1),
(1, 12, 5, 6, 2),
(1, 12, 6, 6, 3),
(1, 12, 7, 7, 1),
(1, 12, 8, 3, 5),
(1, 12, 9, 2, 4),
(1, 12, 10, 2, 1),
(1, 12, 11, 9, 7),
(1, 12, 12, 8, 2),
(1, 12, 13, 4, 4),
(1, 12, 14, 0, 3),
(1, 12, 15, 3, 7),
(1, 12, 16, 4, 2),
(1, 12, 17, 8, 1),
(1, 12, 18, 2, 6),
(1, 12, 19, 4, 3),
(1, 12, 20, 9, 6),
(1, 12, 21, 7, 3),
(1, 12, 22, 6, 8),
(1, 12, 23, 2, 5),
(1, 12, 24, 3, 1),
(1, 12, 25, 7, 9),
(1, 12, 26, 2, 4),
(1, 12, 27, 2, 7),
(1, 12, 28, 5, 1),
(1, 12, 29, 6, 1),
(1, 12, 30, 5, 2),
(1, 12, 31, 7, 1),
(1, 12, 32, 4, 9),
(1, 12, 33, 5, 3),
(1, 12, 34, 8, 5),
(1, 12, 35, 7, 6),
(1, 12, 36, 9, 1),
(1, 12, 37, 2, 8),
(1, 12, 38, 6, 2),
(1, 12, 39, 6, 4),
(1, 12, 40, 8, 3),
(1, 12, 41, 5, 4),
(1, 12, 42, 9, 2),
(1, 12, 43, 3, 1),
(1, 12, 44, 8, 7),
(1, 12, 45, 9, 8),
(1, 12, 46, 9, 3),
(1, 12, 47, 4, 1),
(1, 12, 48, 7, 2),
(1, 12, 49, 5, 1),
(1, 12, 50, 5, 8),
(1, 12, 51, 3, 7),
(1, 12, 52, 4, 7),
(1, 12, 53, 3, 7),
(1, 12, 54, 4, 1),
(1, 12, 55, 6, 1),
(1, 12, 56, 5, 2),
(1, 12, 57, 7, 3),
(1, 12, 58, 6, 8),
(1, 12, 59, 2, 5),
(1, 12, 60, 3, 5),
(1, 12, 61, 2, NULL),
(1, 13, 1, 2, 6),
(1, 13, 2, 4, 2),
(1, 13, 3, 8, 7),
(1, 13, 4, 9, 6),
(1, 13, 5, 7, 2),
(1, 13, 6, 5, 2),
(1, 13, 7, 7, 6),
(1, 13, 8, 9, 4),
(1, 13, 9, 5, 7),
(1, 13, 10, 2, 8),
(1, 13, 11, 6, 4),
(1, 13, 12, 8, 1),
(1, 13, 13, 3, 1),
(1, 13, 14, 7, 3),
(1, 13, 15, 6, 1),
(1, 13, 16, 5, 4),
(1, 13, 17, 9, 1),
(1, 13, 18, 2, 9),
(1, 13, 19, 7, 5),
(1, 13, 20, 8, 4),
(1, 13, 21, 6, 5),
(1, 13, 22, 9, 8),
(1, 13, 23, 9, 2),
(1, 13, 24, 3, 9),
(1, 13, 25, 6, 8),
(1, 13, 26, 2, 5),
(1, 13, 27, 3, 7),
(1, 13, 28, 4, 9),
(1, 13, 29, 5, 3),
(1, 13, 30, 8, 6),
(1, 13, 31, 8, 1),
(1, 13, 32, 2, 7),
(1, 13, 33, 5, 9),
(1, 13, 34, 4, 1),
(1, 13, 35, 6, 9),
(1, 13, 36, 3, 6),
(1, 13, 37, 3, 1),
(1, 13, 38, 8, 5),
(1, 13, 39, 7, 4),
(1, 13, 40, 7, 1),
(1, 13, 41, 4, 3),
(1, 13, 42, 9, 5),
(1, 13, 43, 6, 1),
(1, 13, 44, 4, 1),
(1, 13, 45, 7, 9),
(1, 13, 46, 2, 1),
(1, 13, 47, 8, 3),
(1, 13, 48, 5, 1),
(1, 13, 49, 5, 8),
(1, 13, 50, 3, 2),
(1, 13, 51, 9, 1),
(1, 13, 52, 2, 1),
(1, 13, 53, 8, 2),
(1, 13, 54, 4, 1),
(1, 13, 55, 7, 6),
(1, 13, 56, 9, 6),
(1, 13, 57, 7, 2),
(1, 13, 58, 5, 1),
(1, 13, 59, 5, 4),
(1, 13, 60, 9, 1),
(1, 13, 61, 2, NULL),
(1, 14, 1, 6, 1),
(1, 14, 2, 4, 7),
(1, 14, 3, 3, 1),
(1, 14, 4, 7, 1),
(1, 14, 5, 4, 3),
(1, 14, 6, 9, 6),
(1, 14, 7, 7, 2),
(1, 14, 8, 5, 3),
(1, 14, 9, 8, 1),
(1, 14, 10, 3, 6),
(1, 14, 11, 3, 8),
(1, 14, 12, 5, 4),
(1, 14, 13, 9, 1),
(1, 14, 14, 2, 8),
(1, 14, 15, 6, 9),
(1, 14, 16, 3, 1),
(1, 14, 17, 8, 7),
(1, 14, 18, 9, 3),
(1, 14, 19, 4, 8),
(1, 14, 20, 4, 1),
(1, 14, 21, 7, 3),
(1, 14, 22, 6, 8),
(1, 14, 23, 2, 6),
(1, 14, 24, 4, 1),
(1, 14, 25, 6, 2),
(1, 14, 26, 6, 3),
(1, 14, 27, 7, 5),
(1, 14, 28, 8, 6),
(1, 14, 29, 8, 1),
(1, 14, 30, 2, 1),
(1, 14, 31, 9, 4),
(1, 14, 32, 5, 1),
(1, 14, 33, 5, 7),
(1, 14, 34, 2, 9),
(1, 14, 35, 7, 1),
(1, 14, 36, 3, 2),
(1, 14, 37, 9, 8),
(1, 14, 38, 9, 7),
(1, 14, 39, 8, 4),
(1, 14, 40, 6, 1),
(1, 14, 41, 5, 2),
(1, 14, 42, 7, 4),
(1, 14, 43, 7, 6),
(1, 14, 44, 9, 2),
(1, 14, 45, 3, 5),
(1, 14, 46, 2, 4),
(1, 14, 47, 2, 1),
(1, 14, 48, 8, 2),
(1, 14, 49, 4, 5),
(1, 14, 50, 1, 5),
(1, 14, 51, 4, 1),
(1, 14, 52, 6, 9),
(1, 14, 53, 3, 7),
(1, 14, 54, 4, 8),
(1, 14, 55, 4, 1),
(1, 14, 56, 7, 4),
(1, 14, 57, 7, 6),
(1, 14, 58, 9, 7),
(1, 14, 59, 8, 3),
(1, 14, 60, 5, 8),
(1, 14, 61, 3, NULL),
(1, 15, 1, 6, 2),
(1, 15, 2, 6, 4),
(1, 15, 3, 8, 1),
(1, 15, 4, 2, 8),
(1, 15, 5, 6, 1),
(1, 15, 6, 4, 3),
(1, 15, 7, 9, 6),
(1, 15, 8, 7, 4),
(1, 15, 9, 7, 2),
(1, 15, 10, 5, 8),
(1, 15, 11, 3, 9),
(1, 15, 12, 6, 8),
(1, 15, 13, 2, 1),
(1, 15, 14, 8, 6),
(1, 15, 15, 8, 1),
(1, 15, 16, 3, 2),
(1, 15, 17, 9, 4),
(1, 15, 18, 5, 1),
(1, 15, 19, 5, 4),
(1, 15, 20, 9, 2),
(1, 15, 21, 3, 6),
(1, 15, 22, 3, 1),
(1, 15, 23, 7, 3),
(1, 15, 24, 6, 1),
(1, 15, 25, 5, 9),
(1, 15, 26, 4, 8),
(1, 15, 27, 4, 2),
(1, 15, 28, 8, 5),
(1, 15, 29, 7, 9),
(1, 15, 30, 2, 4),
(1, 15, 31, 2, 1),
(1, 15, 32, 9, 7),
(1, 15, 33, 8, 3),
(1, 15, 34, 5, 5),
(1, 15, 35, 0, 5),
(1, 15, 36, 5, 9),
(1, 15, 37, 4, 6),
(1, 15, 38, 2, 5),
(1, 15, 39, 3, 7),
(1, 15, 40, 4, 9),
(1, 15, 41, 5, 3),
(1, 15, 42, 8, 5),
(1, 15, 43, 7, 9),
(1, 15, 44, 2, 7),
(1, 15, 45, 5, 8),
(1, 15, 46, 3, 9),
(1, 15, 47, 6, 4),
(1, 15, 48, 8, 3),
(1, 15, 49, 5, 1),
(1, 15, 50, 6, 5),
(1, 15, 51, 9, 5),
(1, 15, 52, 6, 4),
(1, 15, 53, 8, 4),
(1, 15, 54, 6, 2),
(1, 15, 55, 6, 8),
(1, 15, 56, 2, 1),
(1, 15, 57, 9, 3),
(1, 15, 58, 4, 1),
(1, 15, 59, 7, 4),
(1, 15, 60, 7, 2),
(1, 15, 61, 5, NULL),
(1, 16, 1, 5, 1),
(1, 16, 2, 5, 1),
(1, 16, 3, 6, 8),
(1, 16, 4, 2, 5),
(1, 16, 5, 3, 6),
(1, 16, 6, 3, 2),
(1, 16, 7, 9, 7),
(1, 16, 8, 8, 1),
(1, 16, 9, 2, 9),
(1, 16, 10, 7, 4),
(1, 16, 11, 7, 5),
(1, 16, 12, 8, 2),
(1, 16, 13, 4, 8),
(1, 16, 14, 4, 9),
(1, 16, 15, 5, 8),
(1, 16, 16, 3, 1),
(1, 16, 17, 7, 9),
(1, 16, 18, 2, 4),
(1, 16, 19, 2, 1),
(1, 16, 20, 9, 1),
(1, 16, 21, 1, 9),
(1, 16, 22, 8, 4),
(1, 16, 23, 6, 9),
(1, 16, 24, 3, 8),
(1, 16, 25, 5, 2),
(1, 16, 26, 7, 5),
(1, 16, 27, 8, 7),
(1, 16, 28, 9, 1),
(1, 16, 29, 2, 5),
(1, 16, 30, 3, 7),
(1, 16, 31, 4, 7),
(1, 16, 32, 3, 5),
(1, 16, 33, 2, 7),
(1, 16, 34, 5, 1),
(1, 16, 35, 6, 3),
(1, 16, 36, 7, 1),
(1, 16, 37, 4, 9),
(1, 16, 38, 5, 7),
(1, 16, 39, 2, 6),
(1, 16, 40, 4, 1),
(1, 16, 41, 7, 1),
(1, 16, 42, 3, 1),
(1, 16, 43, 8, 2),
(1, 16, 44, 4, 1),
(1, 16, 45, 6, 5),
(1, 16, 46, 9, 3),
(1, 16, 47, 4, 6),
(1, 16, 48, 2, 9),
(1, 16, 49, 7, 6),
(1, 16, 50, 9, 8),
(1, 16, 51, 9, 4),
(1, 16, 52, 5, 1),
(1, 16, 53, 6, 1),
(1, 16, 54, 5, 8),
(1, 16, 55, 3, 5),
(1, 16, 56, 2, 1),
(1, 16, 57, 9, 2),
(1, 16, 58, 3, 5),
(1, 16, 59, 2, 1),
(1, 16, 60, 8, 5),
(1, 16, 61, 7, NULL),
(1, 17, 1, 2, 1),
(1, 17, 2, 9, 7),
(1, 17, 3, 8, 8),
(1, 17, 4, 0, 8),
(1, 17, 5, 8, 5),
(1, 17, 6, 7, 2),
(1, 17, 7, 5, 3),
(1, 17, 8, 8, 1),
(1, 17, 9, 3, 7),
(1, 17, 10, 4, 2),
(1, 17, 11, 8, 7),
(1, 17, 12, 9, 8),
(1, 17, 13, 9, 6),
(1, 17, 14, 7, 1),
(1, 17, 15, 3, 8),
(1, 17, 16, 5, 9),
(1, 17, 17, 4, 1),
(1, 17, 18, 7, 6),
(1, 17, 19, 9, 3),
(1, 17, 20, 4, 6),
(1, 17, 21, 2, 1),
(1, 17, 22, 8, 4),
(1, 17, 23, 6, 9),
(1, 17, 24, 3, 5),
(1, 17, 25, 2, 6),
(1, 17, 26, 4, 1),
(1, 17, 27, 6, 5),
(1, 17, 28, 9, 1),
(1, 17, 29, 2, 7),
(1, 17, 30, 5, 2),
(1, 17, 31, 7, 3),
(1, 17, 32, 6, 4),
(1, 17, 33, 8, 6),
(1, 17, 34, 8, 7),
(1, 17, 35, 9, 2),
(1, 17, 36, 3, 9),
(1, 17, 37, 6, 2),
(1, 17, 38, 6, 1),
(1, 17, 39, 5, 4),
(1, 17, 40, 9, 5),
(1, 17, 41, 6, 3),
(1, 17, 42, 7, 1),
(1, 17, 43, 4, 7),
(1, 17, 44, 3, 1),
(1, 17, 45, 8, 6),
(1, 17, 46, 8, 3),
(1, 17, 47, 5, 7),
(1, 17, 48, 2, 8),
(1, 17, 49, 6, 1),
(1, 17, 50, 4, 3),
(1, 17, 51, 9, 1),
(1, 17, 52, 2, 1),
(1, 17, 53, 8, 7),
(1, 17, 54, 9, 7),
(1, 17, 55, 8, 8),
(1, 17, 56, 0, 5),
(1, 17, 57, 5, 2),
(1, 17, 58, 7, 1),
(1, 17, 59, 3, 1),
(1, 17, 60, 8, 2),
(1, 17, 61, 4, NULL),
(1, 24, 61, 2, NULL),
(1, 24, 60, 3, 5),
(1, 24, 59, 3, 6),
(1, 24, 58, 5, 8),
(1, 24, 57, 8, 3),
(1, 24, 56, 6, 4),
(1, 24, 55, 6, 2),
(1, 24, 54, 4, 0),
(1, 24, 53, 7, 1),
(1, 24, 52, 2, 9),
(1, 24, 51, 2, 4),
(1, 24, 50, 2, 4),
(1, 24, 49, 6, 8),
(1, 24, 48, 7, 3),
(1, 24, 47, 7, 4),
(1, 24, 46, 4, 1),
(1, 24, 45, 9, 3),
(1, 24, 44, 6, 5),
(1, 24, 43, 5, 1),
(1, 24, 42, 3, 8),
(1, 24, 41, 7, 0),
(1, 24, 40, 2, 9),
(1, 24, 39, 4, 6),
(1, 24, 38, 8, 2),
(1, 24, 37, 5, 3),
(1, 24, 36, 4, 9),
(1, 24, 35, 4, 8),
(1, 24, 34, 2, 6),
(1, 24, 33, 5, 7),
(1, 24, 32, 7, 2),
(1, 24, 31, 3, 0),
(1, 24, 30, 9, 2),
(1, 24, 29, 8, 7),
(1, 24, 28, 8, 6),
(1, 24, 27, 6, 4),
(1, 24, 26, 3, 9),
(1, 24, 25, 5, 8),
(1, 24, 24, 8, 3),
(1, 24, 23, 4, 2),
(1, 24, 22, 3, 7),
(1, 24, 21, 8, 1),
(1, 24, 20, 9, 7),
(1, 24, 19, 5, 4),
(1, 24, 18, 2, 7),
(1, 24, 17, 9, 1),
(1, 24, 16, 6, 5),
(1, 24, 15, 2, 8),
(1, 24, 14, 7, 9),
(1, 24, 13, 0, 7),
(1, 24, 12, 6, 6),
(1, 24, 11, 9, 5),
(1, 24, 10, 2, 1),
(1, 24, 9, 3, 5),
(1, 24, 8, 3, 6),
(1, 24, 7, 8, 1),
(1, 24, 6, 5, 3),
(1, 24, 5, 6, 1),
(1, 24, 4, 6, 2),
(1, 24, 3, 7, 3),
(1, 24, 2, 4, 1),
(1, 24, 1, 2, 6),
(1, 25, 61, 6, NULL),
(1, 25, 60, 7, 3),
(1, 25, 59, 2, 9),
(1, 25, 58, 9, 1),
(1, 25, 57, 2, 1),
(1, 25, 56, 4, 6),
(1, 25, 55, 8, 2),
(1, 25, 54, 2, 0),
(1, 25, 53, 3, 5),
(1, 25, 52, 4, 7),
(1, 25, 51, 2, 6),
(1, 25, 50, 8, 0),
(1, 25, 49, 7, 5),
(1, 25, 48, 9, 6),
(1, 25, 47, 9, 8),
(1, 25, 46, 3, 2),
(1, 25, 45, 7, 0),
(1, 25, 44, 7, 4),
(1, 25, 43, 2, 9),
(1, 25, 42, 6, 8),
(1, 25, 41, 4, 0),
(1, 25, 40, 9, 3),
(1, 25, 39, 5, 4),
(1, 25, 38, 5, 0),
(1, 25, 37, 7, 2),
(1, 25, 36, 8, 5),
(1, 25, 35, 2, 0),
(1, 25, 34, 5, 7),
(1, 25, 33, 4, 9),
(1, 25, 32, 8, 2),
(1, 25, 31, 6, 4),
(1, 25, 30, 3, 9),
(1, 25, 29, 4, 7),
(1, 25, 28, 4, 8),
(1, 25, 27, 7, 1),
(1, 25, 26, 6, 3),
(1, 25, 25, 5, 1),
(1, 25, 24, 9, 4),
(1, 25, 23, 4, 3),
(1, 25, 22, 6, 0),
(1, 25, 21, 8, 4),
(1, 25, 20, 8, 6),
(1, 25, 19, 3, 1),
(1, 25, 18, 5, 8),
(1, 25, 17, 8, 3),
(1, 25, 16, 7, 5),
(1, 25, 15, 5, 2),
(1, 25, 14, 3, 8),
(1, 25, 13, 9, 2),
(1, 25, 12, 7, 6),
(1, 25, 11, 3, 0),
(1, 25, 10, 6, 9),
(1, 25, 9, 2, 8),
(1, 25, 8, 7, 9),
(1, 25, 7, 2, 9),
(1, 25, 6, 9, 1),
(1, 25, 5, 8, 7),
(1, 25, 4, 4, 2),
(1, 25, 3, 3, 7),
(1, 25, 2, 2, 5),
(1, 25, 1, 4, 6),
(1, 26, 61, 2, NULL),
(1, 26, 60, 3, 5),
(1, 26, 59, 8, 1),
(1, 26, 58, 6, 4),
(1, 26, 57, 7, 3),
(1, 26, 56, 9, 6),
(1, 26, 55, 3, 2),
(1, 26, 54, 7, 0),
(1, 26, 53, 9, 6),
(1, 26, 52, 9, 8),
(1, 26, 51, 5, 4),
(1, 26, 50, 1, 6),
(1, 26, 49, 7, 8),
(1, 26, 48, 8, 5),
(1, 26, 47, 8, 6),
(1, 26, 46, 9, 7),
(1, 26, 45, 2, 1),
(1, 26, 44, 3, 5),
(1, 26, 43, 5, 8),
(1, 26, 42, 7, 2),
(1, 26, 41, 7, 4),
(1, 26, 40, 3, 0),
(1, 26, 39, 4, 7),
(1, 26, 38, 4, 8),
(1, 26, 37, 8, 2),
(1, 26, 36, 2, 0),
(1, 26, 35, 6, 8),
(1, 26, 34, 3, 9),
(1, 26, 33, 3, 6),
(1, 26, 32, 6, 9),
(1, 26, 31, 8, 4),
(1, 26, 30, 5, 3),
(1, 26, 29, 5, 0),
(1, 26, 28, 9, 4),
(1, 26, 27, 4, 3),
(1, 26, 26, 7, 1),
(1, 26, 25, 5, 2),
(1, 26, 24, 8, 3),
(1, 26, 23, 6, 4),
(1, 26, 22, 6, 2),
(1, 26, 21, 7, 3),
(1, 26, 20, 4, 1),
(1, 26, 19, 9, 3),
(1, 26, 18, 6, 5),
(1, 26, 17, 2, 8),
(1, 26, 16, 5, 7),
(1, 26, 15, 6, 1),
(1, 26, 14, 4, 0),
(1, 26, 13, 5, 9),
(1, 26, 12, 3, 8),
(1, 26, 11, 2, 5),
(1, 26, 10, 2, 4),
(1, 26, 9, 8, 0),
(1, 26, 8, 3, 1),
(1, 26, 7, 7, 0),
(1, 26, 6, 6, 3),
(1, 26, 5, 3, 9),
(1, 26, 4, 9, 2),
(1, 26, 3, 9, 8),
(1, 26, 2, 7, 6),
(1, 26, 1, 9, 6),
(1, 27, 61, 2, NULL),
(1, 27, 60, 3, 5),
(1, 27, 59, 2, 5),
(1, 27, 58, 7, 9),
(1, 27, 57, 4, 1),
(1, 27, 56, 3, 7),
(1, 27, 55, 9, 2),
(1, 27, 54, 8, 7),
(1, 27, 53, 5, 3),
(1, 27, 52, 7, 2),
(1, 27, 51, 5, 2),
(1, 27, 50, 4, 9),
(1, 27, 49, 3, 7),
(1, 27, 48, 8, 1),
(1, 27, 47, 6, 4),
(1, 27, 46, 9, 5),
(1, 27, 45, 8, 7),
(1, 27, 44, 4, 2),
(1, 27, 43, 2, 6),
(1, 27, 42, 7, 9),
(1, 27, 41, 4, 1),
(1, 27, 40, 6, 0),
(1, 27, 39, 5, 1),
(1, 27, 38, 2, 7),
(1, 27, 37, 4, 6),
(1, 27, 36, 2, 6),
(1, 27, 35, 6, 8),
(1, 27, 34, 0, 6),
(1, 27, 33, 2, 2),
(1, 27, 32, 4, 6),
(1, 27, 31, 4, 8),
(1, 27, 30, 9, 3),
(1, 27, 29, 9, 8),
(1, 27, 28, 5, 4),
(1, 27, 27, 7, 2),
(1, 27, 26, 3, 0),
(1, 27, 25, 3, 6),
(1, 27, 24, 8, 1),
(1, 27, 23, 4, 2),
(1, 27, 22, 6, 0),
(1, 27, 21, 8, 4),
(1, 27, 20, 8, 6),
(1, 27, 19, 9, 7),
(1, 27, 18, 2, 1),
(1, 27, 17, 5, 7),
(1, 27, 16, 5, 0),
(1, 27, 15, 3, 8),
(1, 27, 14, 9, 2),
(1, 27, 13, 8, 7),
(1, 27, 12, 3, 1),
(1, 27, 11, 6, 9),
(1, 27, 10, 2, 8),
(1, 27, 9, 2, 4),
(1, 27, 8, 3, 5),
(1, 27, 7, 4, 7),
(1, 27, 6, 7, 1),
(1, 27, 5, 9, 6),
(1, 27, 4, 3, 2),
(1, 27, 3, 5, 8),
(1, 27, 2, 8, 3),
(1, 27, 1, 7, 5),
(1, 28, 61, 5, NULL),
(1, 28, 60, 2, 7),
(1, 28, 59, 7, 9),
(1, 28, 58, 8, 5),
(1, 28, 57, 2, 0),
(1, 28, 56, 3, 5),
(1, 28, 55, 7, 0),
(1, 28, 54, 4, 1),
(1, 28, 53, 5, 9),
(1, 28, 52, 9, 4),
(1, 28, 51, 7, 6),
(1, 28, 50, 6, 3),
(1, 28, 49, 5, 1),
(1, 28, 48, 4, 9),
(1, 28, 47, 3, 7),
(1, 28, 46, 7, 0),
(1, 28, 45, 2, 9),
(1, 28, 44, 9, 1),
(1, 28, 43, 6, 5),
(1, 28, 42, 4, 0),
(1, 28, 41, 8, 2),
(1, 28, 40, 5, 3),
(1, 28, 39, 9, 4),
(1, 28, 38, 4, 3),
(1, 28, 37, 5, 9),
(1, 28, 36, 6, 1),
(1, 28, 35, 9, 5),
(1, 28, 34, 7, 6),
(1, 28, 33, 5, 2),
(1, 28, 32, 2, 7),
(1, 28, 31, 7, 9),
(1, 28, 30, 8, 5),
(1, 28, 29, 6, 4),
(1, 28, 28, 7, 3),
(1, 28, 27, 4, 1),
(1, 28, 26, 6, 0),
(1, 28, 25, 6, 2),
(1, 28, 24, 3, 9),
(1, 28, 23, 4, 7),
(1, 28, 22, 8, 2),
(1, 28, 21, 1, 9),
(1, 28, 20, 4, 5),
(1, 28, 19, 7, 1),
(1, 28, 18, 7, 4),
(1, 28, 17, 9, 6),
(1, 28, 16, 2, 1),
(1, 28, 15, 3, 5),
(1, 28, 14, 3, 6),
(1, 28, 13, 6, 9),
(1, 28, 12, 8, 4),
(1, 28, 11, 5, 3),
(1, 28, 10, 5, 0),
(1, 28, 9, 7, 2),
(1, 28, 8, 2, 9),
(1, 28, 7, 2, 4),
(1, 28, 6, 8, 0),
(1, 28, 5, 7, 5),
(1, 28, 4, 3, 0),
(1, 28, 3, 5, 8),
(1, 28, 2, 4, 9),
(1, 28, 1, 9, 3),
(1, 29, 61, 3, NULL),
(1, 29, 60, 6, 9),
(1, 29, 59, 8, 4),
(1, 29, 58, 0, 8),
(1, 29, 57, 9, 9),
(1, 29, 56, 8, 7),
(1, 29, 55, 6, 4),
(1, 29, 54, 2, 8),
(1, 29, 53, 8, 0),
(1, 29, 52, 3, 1),
(1, 29, 51, 3, 6),
(1, 29, 50, 4, 7),
(1, 29, 49, 8, 2),
(1, 29, 48, 9, 7),
(1, 29, 47, 9, 8),
(1, 29, 46, 4, 3),
(1, 29, 45, 6, 0),
(1, 29, 44, 2, 8),
(1, 29, 43, 7, 9),
(1, 29, 42, 8, 5),
(1, 29, 41, 8, 6),
(1, 29, 40, 2, 0),
(1, 29, 39, 9, 1),
(1, 29, 38, 5, 4),
(1, 29, 37, 8, 3),
(1, 29, 36, 3, 1),
(1, 29, 35, 2, 5),
(1, 29, 34, 6, 8),
(1, 29, 33, 7, 3),
(1, 29, 32, 5, 2),
(1, 29, 31, 6, 1),
(1, 29, 30, 6, 2),
(1, 29, 29, 3, 9),
(1, 29, 28, 9, 2),
(1, 29, 27, 8, 7),
(1, 29, 26, 4, 2),
(1, 29, 25, 4, 8),
(1, 29, 24, 2, 6),
(1, 29, 23, 5, 7),
(1, 29, 22, 9, 4),
(1, 29, 21, 7, 6),
(1, 29, 20, 6, 3),
(1, 29, 19, 4, 0),
(1, 29, 18, 5, 9),
(1, 29, 17, 3, 8),
(1, 29, 16, 7, 0),
(1, 29, 15, 9, 6),
(1, 29, 14, 6, 5),
(1, 29, 13, 5, 1),
(1, 29, 12, 2, 7),
(1, 29, 11, 4, 6),
(1, 29, 10, 3, 7),
(1, 29, 9, 8, 1),
(1, 29, 8, 6, 4),
(1, 29, 7, 9, 5),
(1, 29, 6, 0, 9),
(1, 29, 5, 6, 6),
(1, 29, 4, 8, 4),
(1, 29, 3, 8, 6),
(1, 29, 2, 2, 0),
(1, 29, 1, 3, 5),
(1, 30, 61, 5, NULL),
(1, 30, 60, 3, 8),
(1, 30, 59, 4, 7),
(1, 30, 58, 2, 6),
(1, 30, 57, 3, 5),
(1, 30, 56, 9, 2),
(1, 30, 55, 2, 1),
(1, 30, 54, 5, 7),
(1, 30, 53, 4, 9),
(1, 30, 52, 6, 0),
(1, 30, 51, 9, 5),
(1, 30, 50, 9, 8),
(1, 30, 49, 2, 1),
(1, 30, 48, 7, 9),
(1, 30, 47, 6, 3),
(1, 30, 46, 4, 0),
(1, 30, 45, 7, 1),
(1, 30, 44, 7, 4),
(1, 30, 43, 5, 2),
(1, 30, 42, 9, 4),
(1, 30, 41, 8, 7),
(1, 30, 40, 7, 5),
(1, 30, 39, 4, 1),
(1, 30, 38, 4, 8),
(1, 30, 37, 9, 3),
(1, 30, 36, 3, 2),
(1, 30, 35, 6, 9),
(1, 30, 34, 7, 3),
(1, 30, 33, 8, 5),
(1, 30, 32, 3, 1),
(1, 30, 31, 4, 7),
(1, 30, 30, 2, 6),
(1, 30, 29, 5, 7),
(1, 30, 28, 3, 8),
(1, 30, 27, 7, 0),
(1, 30, 26, 2, 9),
(1, 30, 25, 8, 0),
(1, 30, 24, 4, 2),
(1, 30, 23, 6, 0),
(1, 30, 22, 5, 1),
(1, 30, 21, 5, 0),
(1, 30, 20, 8, 3),
(1, 30, 19, 9, 7),
(1, 30, 18, 7, 6),
(1, 30, 17, 3, 0),
(1, 30, 16, 8, 1),
(1, 30, 15, 5, 3),
(1, 30, 14, 2, 7),
(1, 30, 13, 6, 8),
(1, 30, 12, 6, 2),
(1, 30, 11, 3, 9),
(1, 30, 10, 5, 8),
(1, 30, 9, 4, 9),
(1, 30, 8, 3, 7),
(1, 30, 7, 3, 6),
(1, 30, 6, 2, 5),
(1, 30, 5, 2, 4),
(1, 30, 4, 9, 1),
(1, 30, 3, 4, 3),
(1, 30, 2, 5, 9),
(1, 30, 1, 6, 1),
(1, 31, 61, 4, NULL),
(1, 31, 60, 9, 3),
(1, 31, 59, 7, 6),
(1, 31, 58, 3, 0),
(1, 31, 57, 2, 5),
(1, 31, 56, 8, 0),
(1, 31, 55, 6, 4),
(1, 31, 54, 4, 0),
(1, 31, 53, 9, 3),
(1, 31, 52, 4, 3),
(1, 31, 51, 4, 8),
(1, 31, 50, 8, 2),
(1, 31, 49, 7, 5),
(1, 31, 48, 7, 4),
(1, 31, 47, 5, 2),
(1, 31, 46, 3, 8),
(1, 31, 45, 9, 2),
(1, 31, 44, 8, 7),
(1, 31, 43, 8, 6),
(1, 31, 42, 2, 0),
(1, 31, 41, 0, 2),
(1, 31, 40, 9, 9),
(1, 31, 39, 6, 5),
(1, 31, 38, 2, 8),
(1, 31, 37, 6, 8),
(1, 31, 36, 7, 3),
(1, 31, 35, 2, 9),
(1, 31, 34, 5, 7),
(1, 31, 33, 7, 2),
(1, 31, 32, 8, 5),
(1, 31, 31, 4, 2),
(1, 31, 30, 2, 6),
(1, 31, 29, 2, 4),
(1, 31, 28, 8, 0),
(1, 31, 27, 7, 5),
(1, 31, 26, 5, 2),
(1, 31, 25, 4, 9),
(1, 31, 24, 3, 7),
(1, 31, 23, 9, 2),
(1, 31, 22, 3, 2),
(1, 31, 21, 5, 8),
(1, 31, 20, 6, 1),
(1, 31, 19, 7, 3),
(1, 31, 18, 3, 0),
(1, 31, 17, 3, 6),
(1, 31, 16, 4, 7),
(1, 31, 15, 5, 9),
(1, 31, 14, 2, 7),
(1, 31, 13, 9, 1),
(1, 31, 12, 8, 7),
(1, 31, 11, 6, 4),
(1, 31, 10, 4, 0),
(1, 31, 9, 2, 6),
(1, 31, 8, 4, 6),
(1, 31, 7, 9, 3),
(1, 31, 6, 6, 5),
(1, 31, 5, 4, 0),
(1, 31, 4, 3, 7),
(1, 31, 3, 7, 0),
(1, 31, 2, 8, 5),
(1, 31, 1, 9, 7),
(1, 32, 61, 4, NULL),
(1, 32, 60, 5, 9),
(1, 32, 59, 2, 7),
(1, 32, 58, 7, 9),
(1, 32, 57, 9, 6),
(1, 32, 56, 4, 3),
(1, 32, 55, 3, 7),
(1, 32, 54, 9, 2),
(1, 32, 53, 8, 7),
(1, 32, 52, 5, 3),
(1, 32, 51, 8, 3),
(1, 32, 50, 3, 1),
(1, 32, 49, 7, 0),
(1, 32, 48, 7, 4),
(1, 32, 47, 4, 1),
(1, 32, 46, 6, 0),
(1, 32, 45, 5, 1),
(1, 32, 44, 8, 3),
(1, 32, 43, 8, 6),
(1, 32, 42, 2, 0),
(1, 32, 41, 4, 6),
(1, 32, 40, 9, 3),
(1, 32, 39, 9, 8),
(1, 32, 38, 7, 6),
(1, 32, 37, 8, 5),
(1, 32, 36, 5, 3),
(1, 32, 35, 5, 0),
(1, 32, 34, 3, 8),
(1, 32, 33, 2, 5),
(1, 32, 32, 7, 9),
(1, 32, 31, 6, 3),
(1, 32, 30, 6, 2),
(1, 32, 29, 9, 5),
(1, 32, 28, 5, 4),
(1, 32, 27, 1, 6),
(1, 32, 26, 6, 7),
(1, 32, 25, 2, 8),
(1, 32, 24, 8, 0),
(1, 32, 23, 6, 4),
(1, 32, 22, 3, 9),
(1, 32, 21, 8, 1),
(1, 32, 20, 2, 0),
(1, 32, 19, 5, 7),
(1, 32, 18, 8, 3),
(1, 32, 17, 3, 1),
(1, 32, 16, 6, 9),
(1, 32, 15, 8, 4),
(1, 32, 14, 4, 2),
(1, 32, 13, 7, 1),
(1, 32, 12, 6, 3),
(1, 32, 11, 5, 1),
(1, 32, 10, 9, 4),
(1, 32, 9, 9, 8),
(1, 32, 8, 5, 4),
(1, 32, 7, 5, 0),
(1, 32, 6, 3, 8),
(1, 32, 5, 4, 7),
(1, 32, 4, 7, 1),
(1, 32, 3, 2, 9),
(1, 32, 2, 4, 6),
(1, 32, 1, 5, 9),
(1, 33, 61, 9, NULL),
(1, 33, 60, 0, 9),
(1, 33, 59, 2, 2),
(1, 33, 58, 4, 6),
(1, 33, 57, 2, 6),
(1, 33, 56, 8, 0),
(1, 33, 55, 5, 3),
(1, 33, 54, 3, 8),
(1, 33, 53, 3, 6),
(1, 33, 52, 8, 1),
(1, 33, 51, 7, 5),
(1, 33, 50, 9, 6),
(1, 33, 49, 3, 2),
(1, 33, 48, 5, 8),
(1, 33, 47, 5, 0),
(1, 33, 46, 6, 1),
(1, 33, 45, 9, 5),
(1, 33, 44, 4, 3),
(1, 33, 43, 5, 9),
(1, 33, 42, 2, 7),
(1, 33, 41, 6, 8),
(1, 33, 40, 7, 3),
(1, 33, 39, 2, 9),
(1, 33, 38, 2, 4),
(1, 33, 37, 3, 5),
(1, 33, 36, 7, 0),
(1, 33, 35, 4, 1),
(1, 33, 34, 9, 3),
(1, 33, 33, 8, 7),
(1, 33, 32, 5, 3),
(1, 33, 31, 3, 8),
(1, 33, 30, 3, 6),
(1, 33, 29, 9, 2),
(1, 33, 28, 6, 5),
(1, 33, 27, 6, 2),
(1, 33, 26, 4, 0),
(1, 33, 25, 3, 7),
(1, 33, 24, 2, 5),
(1, 33, 23, 7, 9),
(1, 33, 22, 7, 4),
(1, 33, 21, 8, 5),
(1, 33, 20, 2, 0),
(1, 33, 19, 4, 6),
(1, 33, 18, 4, 8),
(1, 33, 17, 6, 0),
(1, 33, 16, 3, 9),
(1, 33, 15, 8, 1),
(1, 33, 14, 8, 6),
(1, 33, 13, 7, 5),
(1, 33, 12, 5, 2),
(1, 33, 11, 9, 4),
(1, 33, 10, 3, 2),
(1, 33, 9, 2, 5),
(1, 33, 8, 8, 0),
(1, 33, 7, 3, 1),
(1, 33, 6, 5, 8),
(1, 33, 5, 9, 4),
(1, 33, 4, 4, 3),
(1, 33, 3, 2, 6),
(1, 33, 2, 8, 0),
(1, 33, 1, 0, 8),
(1, 34, 61, 8, NULL),
(1, 34, 60, 3, 1),
(1, 34, 59, 7, 0),
(1, 34, 58, 2, 9),
(1, 34, 57, 2, 4),
(1, 34, 56, 4, 6),
(1, 34, 55, 9, 3),
(1, 34, 54, 3, 2),
(1, 34, 53, 6, 9),
(1, 34, 52, 7, 3),
(1, 34, 51, 6, 3),
(1, 34, 50, 5, 1),
(1, 34, 49, 2, 7),
(1, 34, 48, 9, 1),
(1, 34, 47, 7, 6),
(1, 34, 46, 4, 1),
(1, 34, 45, 2, 6),
(1, 34, 44, 5, 7),
(1, 34, 43, 7, 2),
(1, 34, 42, 9, 6),
(1, 34, 41, 6, 5),
(1, 34, 40, 3, 9),
(1, 34, 39, 4, 7),
(1, 34, 38, 4, 8),
(1, 34, 37, 7, 1),
(1, 34, 36, 6, 3),
(1, 34, 35, 9, 5),
(1, 34, 34, 3, 2),
(1, 34, 33, 7, 0),
(1, 34, 32, 5, 2),
(1, 34, 31, 5, 0),
(1, 34, 30, 6, 1),
(1, 34, 29, 7, 3),
(1, 34, 28, 2, 9),
(1, 34, 27, 8, 0),
(1, 34, 26, 9, 7),
(1, 34, 25, 2, 1),
(1, 34, 24, 6, 8),
(1, 34, 23, 4, 0),
(1, 34, 22, 8, 2),
(1, 34, 21, 2, 0),
(1, 34, 20, 3, 5),
(1, 34, 19, 6, 9),
(1, 34, 18, 6, 2),
(1, 34, 17, 8, 4),
(1, 34, 16, 4, 2),
(1, 34, 15, 3, 7),
(1, 34, 14, 5, 8),
(1, 34, 13, 4, 9),
(1, 34, 12, 9, 3),
(1, 34, 11, 8, 7),
(1, 34, 10, 2, 0),
(1, 34, 9, 2, 4),
(1, 34, 8, 7, 9),
(1, 34, 7, 6, 3),
(1, 34, 6, 9, 5),
(1, 34, 5, 8, 7),
(1, 34, 4, 2, 0),
(1, 34, 3, 7, 9),
(1, 34, 2, 4, 1),
(1, 34, 1, 3, 7),
(1, 35, 61, 9, NULL),
(1, 35, 60, 6, 5),
(1, 35, 59, 6, 2),
(1, 35, 58, 5, 1),
(1, 35, 57, 2, 7),
(1, 35, 56, 8, 0),
(1, 35, 55, 8, 6),
(1, 35, 54, 4, 2),
(1, 35, 53, 7, 1),
(1, 35, 52, 9, 6),
(1, 35, 51, 7, 6),
(1, 35, 50, 8, 5),
(1, 35, 49, 5, 3),
(1, 35, 48, 3, 8),
(1, 35, 47, 9, 2),
(1, 35, 46, 9, 8),
(1, 35, 45, 5, 4),
(1, 35, 44, 1, 6),
(1, 35, 43, 5, 6),
(1, 35, 42, 2, 7),
(1, 35, 41, 6, 8),
(1, 35, 40, 4, 0),
(1, 35, 39, 8, 2),
(1, 35, 38, 5, 3),
(1, 35, 37, 9, 4),
(1, 35, 36, 3, 2),
(1, 35, 35, 6, 9),
(1, 35, 34, 7, 3),
(1, 35, 33, 9, 6),
(1, 35, 32, 4, 3),
(1, 35, 31, 3, 7),
(1, 35, 30, 8, 1),
(1, 35, 29, 2, 0),
(1, 35, 28, 4, 6),
(1, 35, 27, 5, 9),
(1, 35, 26, 7, 2),
(1, 35, 25, 6, 3),
(1, 35, 24, 5, 1),
(1, 35, 23, 4, 9),
(1, 35, 22, 6, 0),
(1, 35, 21, 9, 5),
(1, 35, 20, 2, 1),
(1, 35, 19, 3, 5),
(1, 35, 18, 3, 6),
(1, 35, 17, 4, 7),
(1, 35, 16, 2, 6),
(1, 35, 15, 7, 9),
(1, 35, 14, 8, 5),
(1, 35, 13, 6, 4),
(1, 35, 12, 3, 9),
(1, 35, 11, 5, 8),
(1, 35, 10, 4, 9),
(1, 35, 9, 2, 6),
(1, 35, 8, 9, 1),
(1, 35, 7, 7, 6),
(1, 35, 6, 8, 5),
(1, 35, 5, 9, 7),
(1, 35, 4, 5, 4),
(1, 35, 3, 6, 1),
(1, 35, 2, 8, 4),
(1, 35, 1, 6, 4),
(1, 36, 61, 6, NULL),
(1, 36, 60, 2, 8),
(1, 36, 59, 3, 5),
(1, 36, 58, 6, 9),
(1, 36, 57, 4, 0),
(1, 36, 56, 2, 6),
(1, 36, 55, 9, 1),
(1, 36, 54, 7, 6),
(1, 36, 53, 5, 2),
(1, 36, 52, 6, 1),
(1, 36, 51, 5, 1),
(1, 36, 50, 5, 0),
(1, 36, 49, 6, 1),
(1, 36, 48, 8, 4),
(1, 36, 47, 4, 2),
(1, 36, 46, 4, 8),
(1, 36, 45, 7, 1),
(1, 36, 44, 5, 2),
(1, 36, 43, 3, 8),
(1, 36, 42, 9, 2),
(1, 36, 41, 9, 8),
(1, 36, 40, 7, 6),
(1, 36, 39, 3, 0),
(1, 36, 38, 2, 5),
(1, 36, 37, 2, 4),
(1, 36, 36, 8, 0),
(1, 36, 35, 3, 1),
(1, 36, 34, 7, 0),
(1, 36, 33, 7, 4),
(1, 36, 32, 2, 9),
(1, 36, 31, 9, 1),
(1, 36, 30, 8, 7),
(1, 36, 29, 0, 8),
(1, 36, 28, 8, 8),
(1, 36, 27, 7, 5),
(1, 36, 26, 5, 2),
(1, 36, 25, 8, 3),
(1, 36, 24, 3, 1),
(1, 36, 23, 4, 7),
(1, 36, 22, 8, 2),
(1, 36, 21, 9, 7),
(1, 36, 20, 9, 8),
(1, 36, 19, 7, 6),
(1, 36, 18, 3, 0),
(1, 36, 17, 5, 8),
(1, 36, 16, 4, 9),
(1, 36, 15, 7, 1),
(1, 36, 14, 9, 6),
(1, 36, 13, 4, 3),
(1, 36, 12, 2, 6),
(1, 36, 11, 8, 0),
(1, 36, 10, 7, 5),
(1, 36, 9, 4, 1),
(1, 36, 8, 6, 0),
(1, 36, 7, 5, 1),
(1, 36, 6, 9, 4),
(1, 36, 5, 6, 5),
(1, 36, 4, 6, 2),
(1, 36, 3, 3, 9),
(1, 36, 2, 2, 5),
(1, 36, 1, 2, 4),
(1, 37, 61, 6, NULL),
(1, 37, 60, 5, 1),
(1, 37, 59, 3, 8),
(1, 37, 58, 8, 1),
(1, 37, 57, 7, 5),
(1, 37, 56, 2, 9),
(1, 37, 55, 9, 1),
(1, 37, 54, 4, 3),
(1, 37, 53, 3, 7),
(1, 37, 52, 3, 6),
(1, 37, 51, 8, 1),
(1, 37, 50, 8, 6),
(1, 37, 49, 9, 7),
(1, 37, 48, 3, 2),
(1, 37, 47, 6, 9),
(1, 37, 46, 6, 2),
(1, 37, 45, 5, 1),
(1, 37, 44, 9, 4),
(1, 37, 43, 6, 5),
(1, 37, 42, 7, 3),
(1, 37, 41, 4, 1),
(1, 37, 40, 3, 7),
(1, 37, 39, 8, 1),
(1, 37, 38, 8, 6),
(1, 37, 37, 5, 3),
(1, 37, 36, 2, 7),
(1, 37, 35, 6, 8),
(1, 37, 34, 4, 0),
(1, 37, 33, 9, 3),
(1, 37, 32, 5, 4),
(1, 37, 31, 5, 0),
(1, 37, 30, 6, 1),
(1, 37, 29, 2, 8),
(1, 37, 28, 3, 5),
(1, 37, 27, 3, 6),
(1, 37, 26, 9, 2),
(1, 37, 25, 8, 7),
(1, 37, 24, 2, 0),
(1, 37, 23, 7, 9),
(1, 37, 22, 7, 4),
(1, 37, 21, 8, 5),
(1, 37, 20, 4, 2),
(1, 37, 19, 4, 8),
(1, 37, 18, 5, 9),
(1, 37, 17, 3, 8),
(1, 37, 16, 7, 0),
(1, 37, 15, 2, 9),
(1, 37, 14, 2, 4),
(1, 37, 13, 9, 1),
(1, 37, 12, 1, 0),
(1, 37, 11, 8, 9),
(1, 37, 10, 4, 2),
(1, 37, 9, 7, 1),
(1, 37, 8, 3, 0),
(1, 37, 7, 3, 6),
(1, 37, 6, 9, 2),
(1, 37, 5, 6, 5),
(1, 37, 4, 8, 4),
(1, 37, 3, 3, 1),
(1, 37, 2, 2, 5),
(1, 37, 1, 5, 7),
(1, 38, 61, 7, NULL),
(1, 38, 60, 5, 2),
(1, 38, 59, 6, 1),
(1, 38, 58, 4, 0),
(1, 38, 57, 4, 8),
(1, 38, 56, 7, 1),
(1, 38, 55, 8, 5),
(1, 38, 54, 2, 0),
(1, 38, 53, 2, 4),
(1, 38, 52, 9, 1),
(1, 38, 51, 2, 1),
(1, 38, 50, 5, 7),
(1, 38, 49, 6, 1),
(1, 38, 48, 7, 3),
(1, 38, 47, 4, 1),
(1, 38, 46, 5, 9),
(1, 38, 45, 2, 7),
(1, 38, 44, 4, 6),
(1, 38, 43, 7, 1),
(1, 38, 42, 3, 0),
(1, 38, 41, 8, 1),
(1, 38, 40, 4, 2),
(1, 38, 39, 6, 0),
(1, 38, 38, 9, 5),
(1, 38, 37, 4, 3),
(1, 38, 36, 2, 6),
(1, 38, 35, 7, 9),
(1, 38, 34, 9, 6),
(1, 38, 33, 9, 8),
(1, 38, 32, 6, 5),
(1, 38, 31, 6, 2),
(1, 38, 30, 8, 4),
(1, 38, 29, 2, 0),
(1, 38, 28, 6, 8),
(1, 38, 27, 4, 0),
(1, 38, 26, 9, 3),
(1, 38, 25, 7, 6),
(1, 38, 24, 7, 4),
(1, 38, 23, 5, 2),
(1, 38, 22, 3, 8),
(1, 38, 21, 6, 9),
(1, 38, 20, 2, 8),
(1, 38, 19, 8, 0),
(1, 38, 18, 8, 6),
(1, 38, 17, 3, 1),
(1, 38, 16, 9, 2),
(1, 38, 15, 5, 4),
(1, 38, 14, 5, 0),
(1, 38, 13, 9, 4),
(1, 38, 12, 3, 2),
(1, 38, 11, 3, 6),
(1, 38, 10, 2, 5),
(1, 38, 9, 4, 6),
(1, 38, 8, 9, 3),
(1, 38, 7, 2, 1),
(1, 38, 6, 8, 0),
(1, 38, 5, 7, 5),
(1, 38, 4, 4, 1),
(1, 38, 3, 6, 0),
(1, 38, 2, 7, 3),
(1, 38, 1, 5, 2),
(1, 39, 61, 2, NULL),
(1, 39, 60, 6, 8),
(1, 39, 59, 4, 0),
(1, 39, 58, 7, 1),
(1, 39, 57, 6, 3),
(1, 39, 56, 8, 4),
(1, 39, 55, 8, 6),
(1, 39, 54, 9, 7),
(1, 39, 53, 2, 1),
(1, 39, 52, 5, 7),
(1, 39, 51, 8, 3),
(1, 39, 50, 5, 3),
(1, 39, 49, 0, 5),
(1, 39, 48, 5, 5),
(1, 39, 47, 4, 9),
(1, 39, 46, 2, 6),
(1, 39, 45, 3, 5),
(1, 39, 44, 4, 7),
(1, 39, 43, 5, 9),
(1, 39, 42, 8, 3),
(1, 39, 41, 7, 5),
(1, 39, 40, 2, 9),
(1, 39, 39, 5, 7),
(1, 39, 38, 3, 8),
(1, 39, 37, 6, 9),
(1, 39, 36, 8, 4),
(1, 39, 35, 5, 3),
(1, 39, 34, 6, 1),
(1, 39, 33, 9, 5),
(1, 39, 32, 6, 5),
(1, 39, 31, 4, 0),
(1, 39, 30, 3, 7),
(1, 39, 29, 7, 0),
(1, 39, 28, 4, 1),
(1, 39, 27, 9, 3),
(1, 39, 26, 7, 6),
(1, 39, 25, 5, 2),
(1, 39, 24, 8, 3),
(1, 39, 23, 3, 1),
(1, 39, 22, 3, 6),
(1, 39, 21, 5, 8),
(1, 39, 20, 9, 4),
(1, 39, 19, 2, 1),
(1, 39, 18, 6, 8),
(1, 39, 17, 3, 9),
(1, 39, 16, 8, 1),
(1, 39, 15, 9, 7),
(1, 39, 14, 4, 3),
(1, 39, 13, 4, 8),
(1, 39, 12, 7, 1),
(1, 39, 11, 6, 3),
(1, 39, 10, 9, 5),
(1, 39, 9, 6, 5),
(1, 39, 8, 5, 1),
(1, 39, 7, 2, 7),
(1, 39, 6, 8, 0),
(1, 39, 5, 2, 0),
(1, 39, 4, 7, 9),
(1, 39, 3, 4, 1),
(1, 39, 2, 8, 2),
(1, 39, 1, 6, 4),
(1, 40, 61, 9, NULL),
(1, 40, 60, 6, 5),
(1, 40, 59, 3, 9),
(1, 40, 58, 3, 6),
(1, 40, 57, 2, 5),
(1, 40, 56, 5, 7),
(1, 40, 55, 4, 9),
(1, 40, 54, 8, 2),
(1, 40, 53, 8, 6),
(1, 40, 52, 2, 0),
(1, 40, 51, 5, 7),
(1, 40, 50, 2, 7),
(1, 40, 49, 7, 9),
(1, 40, 48, 3, 0),
(1, 40, 47, 9, 2),
(1, 40, 46, 9, 8),
(1, 40, 45, 8, 7),
(1, 40, 44, 6, 4),
(1, 40, 43, 5, 1),
(1, 40, 42, 7, 2),
(1, 40, 41, 7, 4),
(1, 40, 40, 9, 6),
(1, 40, 39, 3, 2),
(1, 40, 38, 2, 5),
(1, 40, 37, 2, 4),
(1, 40, 36, 8, 0),
(1, 40, 35, 4, 2),
(1, 40, 34, 1, 5),
(1, 40, 33, 4, 5),
(1, 40, 32, 2, 6),
(1, 40, 31, 4, 6),
(1, 40, 30, 8, 2),
(1, 40, 29, 9, 7),
(1, 40, 28, 7, 6),
(1, 40, 27, 5, 2),
(1, 40, 26, 7, 2),
(1, 40, 25, 9, 6),
(1, 40, 24, 5, 4),
(1, 40, 23, 2, 7),
(1, 40, 22, 6, 8),
(1, 40, 21, 8, 4),
(1, 40, 20, 3, 1),
(1, 40, 19, 7, 0),
(1, 40, 18, 6, 3),
(1, 40, 17, 5, 1),
(1, 40, 16, 9, 4),
(1, 40, 15, 2, 1),
(1, 40, 14, 7, 9),
(1, 40, 13, 8, 5),
(1, 40, 12, 6, 4),
(1, 40, 11, 9, 5),
(1, 40, 10, 8, 7),
(1, 40, 9, 2, 0),
(1, 40, 8, 2, 4),
(1, 40, 7, 8, 0),
(1, 40, 6, 4, 2),
(1, 40, 5, 9, 3),
(1, 40, 4, 3, 2),
(1, 40, 3, 3, 6),
(1, 40, 2, 5, 8),
(1, 40, 1, 6, 1),
(1, 41, 61, 2, NULL),
(1, 41, 60, 7, 9),
(1, 41, 59, 4, 1),
(1, 41, 58, 8, 2),
(1, 41, 57, 0, 8),
(1, 41, 56, 3, 3),
(1, 41, 55, 9, 2),
(1, 41, 54, 7, 6),
(1, 41, 53, 2, 9),
(1, 41, 52, 6, 8),
(1, 41, 51, 9, 5),
(1, 41, 50, 5, 4),
(1, 41, 49, 7, 2),
(1, 41, 48, 9, 6),
(1, 41, 47, 6, 5),
(1, 41, 46, 2, 8),
(1, 41, 45, 4, 6),
(1, 41, 44, 8, 2),
(1, 41, 43, 1, 9),
(1, 41, 42, 4, 5),
(1, 41, 41, 8, 2),
(1, 41, 40, 7, 5),
(1, 41, 39, 5, 2),
(1, 41, 38, 9, 4),
(1, 41, 37, 9, 8),
(1, 41, 36, 3, 2),
(1, 41, 35, 3, 6),
(1, 41, 34, 5, 8),
(1, 41, 33, 7, 2),
(1, 41, 32, 2, 9),
(1, 41, 31, 2, 4),
(1, 41, 30, 3, 5),
(1, 41, 29, 9, 2),
(1, 41, 28, 5, 4),
(1, 41, 27, 8, 3),
(1, 41, 26, 7, 5),
(1, 41, 25, 7, 4),
(1, 41, 24, 6, 3),
(1, 41, 23, 9, 5),
(1, 41, 22, 5, 4),
(1, 41, 21, 4, 9),
(1, 41, 20, 9, 3),
(1, 41, 19, 6, 5),
(1, 41, 18, 6, 2),
(1, 41, 17, 7, 3),
(1, 41, 16, 7, 4),
(1, 41, 15, 3, 0),
(1, 41, 14, 2, 5),
(1, 41, 13, 4, 6),
(1, 41, 12, 9, 3),
(1, 41, 11, 2, 1),
(1, 41, 10, 2, 4),
(1, 41, 9, 4, 6),
(1, 41, 8, 7, 1),
(1, 41, 7, 0, 7),
(1, 41, 6, 8, 8),
(1, 41, 5, 9, 7),
(1, 41, 4, 3, 2),
(1, 41, 3, 2, 5),
(1, 41, 2, 7, 9),
(1, 41, 1, 6, 3),
(1, 42, 61, 6, NULL),
(1, 42, 60, 8, 4),
(1, 42, 59, 4, 2),
(1, 42, 58, 7, 1),
(1, 42, 57, 2, 9),
(1, 42, 56, 5, 7),
(1, 42, 55, 3, 8),
(1, 42, 54, 4, 7),
(1, 42, 53, 2, 6),
(1, 42, 52, 3, 5),
(1, 42, 51, 9, 2),
(1, 42, 50, 4, 3),
(1, 42, 49, 7, 1),
(1, 42, 48, 4, 1),
(1, 42, 47, 5, 9),
(1, 42, 46, 3, 8),
(1, 42, 45, 9, 2),
(1, 42, 44, 6, 5),
(1, 42, 43, 9, 5),
(1, 42, 42, 2, 1),
(1, 42, 41, 1, 3),
(1, 42, 40, 8, 9),
(1, 42, 39, 4, 2),
(1, 42, 38, 2, 6),
(1, 42, 37, 6, 8),
(1, 42, 36, 9, 5),
(1, 42, 35, 7, 6),
(1, 42, 34, 5, 2),
(1, 42, 33, 9, 4),
(1, 42, 32, 6, 5),
(1, 42, 31, 5, 1),
(1, 42, 30, 4, 9),
(1, 42, 29, 9, 3),
(1, 42, 28, 2, 1),
(1, 42, 27, 2, 4),
(1, 42, 26, 3, 5),
(1, 42, 25, 3, 6),
(1, 42, 24, 4, 7),
(1, 42, 23, 5, 9),
(1, 42, 22, 3, 8),
(1, 42, 21, 6, 9),
(1, 42, 20, 6, 2),
(1, 42, 19, 2, 8),
(1, 42, 18, 5, 7),
(1, 42, 17, 8, 3),
(1, 42, 16, 3, 1),
(1, 42, 15, 7, 0),
(1, 42, 14, 9, 6),
(1, 42, 13, 8, 7),
(1, 42, 12, 5, 3),
(1, 42, 11, 5, 0),
(1, 42, 10, 6, 1),
(1, 42, 9, 4, 0),
(1, 42, 8, 8, 2),
(1, 42, 7, 2, 0),
(1, 42, 6, 7, 9),
(1, 42, 5, 3, 0),
(1, 42, 4, 5, 8),
(1, 42, 3, 2, 7),
(1, 42, 2, 4, 6),
(1, 42, 1, 3, 7),
(1, 43, 61, 5, NULL),
(1, 43, 60, 4, 9),
(1, 43, 59, 2, 6),
(1, 43, 58, 8, 0),
(1, 43, 57, 4, 2),
(1, 43, 56, 3, 7),
(1, 43, 55, 9, 2),
(1, 43, 54, 6, 5),
(1, 43, 53, 6, 2),
(1, 43, 52, 5, 1),
(1, 43, 51, 8, 3),
(1, 43, 50, 7, 5),
(1, 43, 49, 6, 3),
(1, 43, 48, 3, 9),
(1, 43, 47, 9, 2),
(1, 43, 46, 4, 3),
(1, 43, 45, 4, 8),
(1, 43, 44, 7, 1),
(1, 43, 43, 8, 5),
(1, 43, 42, 9, 7),
(1, 43, 41, 5, 4),
(1, 43, 40, 7, 2),
(1, 43, 39, 7, 4),
(1, 43, 38, 4, 1),
(1, 43, 37, 6, 0),
(1, 43, 36, 7, 3),
(1, 43, 35, 2, 9),
(1, 43, 34, 9, 1),
(1, 43, 33, 9, 8),
(1, 43, 32, 3, 2),
(1, 43, 31, 2, 5),
(1, 43, 30, 8, 0),
(1, 43, 29, 8, 6),
(1, 43, 28, 6, 4),
(1, 43, 27, 0, 6),
(1, 43, 26, 9, 9),
(1, 43, 25, 6, 5),
(1, 43, 24, 8, 4),
(1, 43, 23, 3, 1),
(1, 43, 22, 4, 7),
(1, 43, 21, 2, 6),
(1, 43, 20, 5, 7),
(1, 43, 19, 6, 1),
(1, 43, 18, 9, 5),
(1, 43, 17, 7, 6),
(1, 43, 16, 3, 0),
(1, 43, 15, 5, 8),
(1, 43, 14, 4, 9),
(1, 43, 13, 6, 0),
(1, 43, 12, 7, 3),
(1, 43, 11, 9, 6),
(1, 43, 10, 5, 4),
(1, 43, 9, 2, 7),
(1, 43, 8, 4, 6),
(1, 43, 7, 4, 8),
(1, 43, 6, 8, 2),
(1, 43, 5, 9, 7),
(1, 43, 4, 3, 2),
(1, 43, 3, 6, 9),
(1, 43, 2, 6, 2),
(1, 43, 1, 5, 1),
(1, 44, 61, 2, NULL),
(1, 44, 60, 6, 8),
(1, 44, 59, 3, 9),
(1, 44, 58, 4, 7),
(1, 44, 57, 6, 0),
(1, 44, 56, 6, 2),
(1, 44, 55, 7, 3),
(1, 44, 54, 7, 4),
(1, 44, 53, 8, 5),
(1, 44, 52, 2, 0),
(1, 44, 51, 7, 9),
(1, 44, 50, 6, 3),
(1, 44, 49, 2, 8),
(1, 44, 48, 3, 5),
(1, 44, 47, 8, 1),
(1, 44, 46, 5, 3),
(1, 44, 45, 9, 4),
(1, 44, 44, 2, 1),
(1, 44, 43, 8, 0),
(1, 44, 42, 8, 6),
(1, 44, 41, 7, 5),
(1, 44, 40, 2, 9),
(1, 44, 39, 6, 8),
(1, 44, 38, 4, 0),
(1, 44, 37, 9, 3),
(1, 44, 36, 9, 8),
(1, 44, 35, 8, 7),
(1, 44, 34, 4, 2),
(1, 44, 33, 3, 7),
(1, 44, 32, 9, 2),
(1, 44, 31, 4, 3),
(1, 44, 30, 5, 9),
(1, 44, 29, 3, 8),
(1, 44, 28, 7, 0),
(1, 44, 27, 8, 5),
(1, 44, 26, 2, 0),
(1, 44, 25, 2, 4),
(1, 44, 24, 7, 9),
(1, 44, 23, 5, 2),
(1, 44, 22, 5, 0),
(1, 44, 21, 8, 3),
(1, 44, 20, 6, 4),
(1, 44, 19, 3, 9),
(1, 44, 18, 3, 6),
(1, 44, 17, 2, 5),
(1, 44, 16, 9, 1),
(1, 44, 15, 7, 6),
(1, 44, 14, 7, 4),
(1, 44, 13, 4, 1),
(1, 44, 12, 1, 5),
(1, 44, 11, 8, 9),
(1, 44, 10, 2, 0),
(1, 44, 9, 3, 5),
(1, 44, 8, 6, 9),
(1, 44, 7, 6, 2),
(1, 44, 6, 4, 0),
(1, 44, 5, 7, 1),
(1, 44, 4, 6, 3),
(1, 44, 3, 8, 4),
(1, 44, 2, 7, 5),
(1, 44, 1, 2, 9),
(1, 45, 61, 2, NULL),
(1, 45, 60, 3, 5),
(1, 45, 59, 8, 1),
(1, 45, 58, 7, 5),
(1, 45, 57, 3, 0),
(1, 45, 56, 9, 2),
(1, 45, 55, 5, 4),
(1, 45, 54, 4, 9),
(1, 45, 53, 9, 3),
(1, 45, 52, 4, 3),
(1, 45, 51, 5, 9),
(1, 45, 50, 7, 2),
(1, 45, 49, 9, 6),
(1, 45, 48, 6, 5),
(1, 45, 47, 5, 1),
(1, 45, 46, 4, 9),
(1, 45, 45, 9, 3),
(1, 45, 44, 5, 4),
(1, 45, 43, 8, 3),
(1, 45, 42, 4, 2),
(1, 45, 41, 6, 0),
(1, 45, 40, 9, 5),
(1, 45, 39, 2, 1),
(1, 45, 38, 7, 9),
(1, 45, 37, 3, 0),
(1, 45, 36, 4, 7),
(1, 45, 35, 5, 9),
(1, 45, 34, 6, 1),
(1, 45, 33, 7, 3),
(1, 45, 32, 7, 4),
(1, 45, 31, 8, 5),
(1, 45, 30, 5, 3),
(1, 45, 29, 3, 8),
(1, 45, 28, 9, 2),
(1, 45, 27, 7, 6),
(1, 45, 26, 4, 1),
(1, 45, 25, 3, 7),
(1, 45, 24, 2, 5),
(1, 45, 23, 2, 4),
(1, 45, 22, 6, 8),
(1, 45, 21, 3, 9),
(1, 45, 20, 8, 1),
(1, 45, 19, 9, 7),
(1, 45, 18, 3, 2),
(1, 45, 17, 5, 8),
(1, 45, 16, 5, 0),
(1, 45, 15, 2, 7),
(1, 45, 14, 9, 1),
(1, 45, 13, 8, 7),
(1, 45, 12, 8, 6),
(1, 45, 11, 6, 4),
(1, 45, 10, 2, 8),
(1, 45, 9, 8, 0),
(1, 45, 8, 3, 1),
(1, 45, 7, 3, 6),
(1, 45, 6, 7, 0),
(1, 45, 5, 5, 2),
(1, 45, 4, 9, 4),
(1, 45, 3, 9, 8),
(1, 45, 2, 4, 3),
(1, 45, 1, 4, 8),
(1, 23, 61, 4, NULL),
(1, 23, 60, 6, 0),
(1, 23, 59, 6, 2),
(1, 23, 58, 4, 0),
(1, 23, 57, 9, 3),
(1, 23, 56, 6, 5),
(1, 23, 55, 5, 1),
(1, 23, 54, 9, 4),
(1, 23, 53, 8, 7),
(1, 23, 52, 3, 1),
(1, 23, 51, 7, 0),
(1, 23, 50, 2, 9),
(1, 23, 49, 3, 5),
(1, 23, 48, 3, 6),
(1, 23, 47, 8, 1),
(1, 23, 46, 5, 3),
(1, 23, 45, 4, 9),
(1, 23, 44, 4, 8),
(1, 23, 43, 5, 9),
(1, 23, 42, 6, 1),
(1, 23, 41, 8, 4),
(1, 23, 40, 2, 0),
(1, 23, 39, 9, 1),
(1, 23, 38, 7, 6),
(1, 23, 37, 3, 0),
(1, 23, 36, 9, 2),
(1, 23, 35, 7, 6),
(1, 23, 34, 4, 1),
(1, 23, 33, 8, 2),
(1, 23, 32, 4, 2),
(1, 23, 31, 6, 0),
(1, 23, 30, 5, 1),
(1, 23, 29, 9, 4),
(1, 23, 28, 4, 3),
(1, 23, 27, 1, 5),
(1, 23, 26, 7, 8),
(1, 23, 25, 9, 6),
(1, 23, 24, 9, 8),
(1, 23, 23, 2, 1),
(1, 23, 22, 8, 0),
(1, 23, 21, 7, 5),
(1, 23, 20, 5, 2),
(1, 23, 19, 5, 0),
(1, 23, 18, 2, 7),
(1, 23, 17, 3, 5),
(1, 23, 16, 6, 9),
(1, 23, 15, 4, 0),
(1, 23, 14, 7, 1),
(1, 23, 13, 8, 5),
(1, 23, 12, 3, 1),
(1, 23, 11, 3, 6),
(1, 23, 10, 4, 7),
(1, 23, 9, 6, 0),
(1, 23, 8, 6, 2),
(1, 23, 7, 9, 5),
(1, 23, 6, 4, 3),
(1, 23, 5, 5, 9),
(1, 23, 4, 6, 1),
(1, 23, 3, 8, 4),
(1, 23, 2, 9, 7),
(1, 23, 1, 3, 2),
(1, 22, 61, 5, NULL),
(1, 22, 60, 6, 1),
(1, 22, 59, 9, 5),
(1, 22, 58, 5, 4),
(1, 22, 57, 2, 7),
(1, 22, 56, 6, 8),
(1, 22, 55, 8, 4),
(1, 22, 54, 3, 1),
(1, 22, 53, 6, 9),
(1, 22, 52, 4, 0),
(1, 22, 51, 7, 1),
(1, 22, 50, 5, 2),
(1, 22, 49, 2, 7),
(1, 22, 48, 7, 9),
(1, 22, 47, 6, 3),
(1, 22, 46, 2, 8),
(1, 22, 45, 6, 8),
(1, 22, 44, 9, 5),
(1, 22, 43, 0, 9),
(1, 22, 42, 2, 2),
(1, 22, 41, 8, 0),
(1, 22, 40, 8, 6),
(1, 22, 39, 9, 7),
(1, 22, 38, 3, 2),
(1, 22, 37, 5, 8),
(1, 22, 36, 7, 2),
(1, 22, 35, 7, 4),
(1, 22, 34, 8, 5),
(1, 22, 33, 4, 2),
(1, 22, 32, 3, 7),
(1, 22, 31, 2, 5),
(1, 22, 30, 2, 4),
(1, 22, 29, 4, 6),
(1, 22, 28, 9, 3),
(1, 22, 27, 9, 8),
(1, 22, 26, 8, 7),
(1, 22, 25, 3, 1),
(1, 22, 24, 6, 9),
(1, 22, 23, 4, 0),
(1, 22, 22, 2, 6),
(1, 22, 21, 7, 9),
(1, 22, 20, 6, 3),
(1, 22, 19, 9, 5),
(1, 22, 18, 5, 4),
(1, 22, 17, 5, 0),
(1, 22, 16, 3, 8),
(1, 22, 15, 7, 0),
(1, 22, 14, 9, 6),
(1, 22, 13, 2, 1),
(1, 22, 12, 6, 8),
(1, 22, 11, 7, 3),
(1, 22, 10, 5, 2),
(1, 22, 9, 9, 4),
(1, 22, 8, 6, 5),
(1, 22, 7, 2, 8),
(1, 22, 6, 5, 7),
(1, 22, 5, 8, 3),
(1, 22, 4, 6, 4),
(1, 22, 3, 6, 2),
(1, 22, 2, 3, 9),
(1, 22, 1, 4, 7),
(1, 21, 61, 9, NULL),
(1, 21, 60, 4, 3),
(1, 21, 59, 3, 7),
(1, 21, 58, 7, 0),
(1, 21, 57, 5, 2),
(1, 21, 56, 2, 7),
(1, 21, 55, 8, 0),
(1, 21, 54, 4, 2),
(1, 21, 53, 2, 6),
(1, 21, 52, 8, 0),
(1, 21, 51, 2, 0),
(1, 21, 50, 3, 5),
(1, 21, 49, 5, 8),
(1, 21, 48, 5, 0),
(1, 21, 47, 8, 3),
(1, 21, 46, 7, 5),
(1, 21, 45, 9, 6),
(1, 21, 44, 9, 8),
(1, 21, 43, 4, 3),
(1, 21, 42, 2, 6),
(1, 21, 41, 8, 0),
(1, 21, 40, 8, 6),
(1, 21, 39, 5, 3),
(1, 21, 38, 6, 1),
(1, 21, 37, 4, 0),
(1, 21, 36, 7, 1),
(1, 21, 35, 7, 4),
(1, 21, 34, 3, 0),
(1, 21, 33, 8, 1),
(1, 21, 32, 4, 2),
(1, 21, 31, 4, 8),
(1, 21, 30, 9, 3),
(1, 21, 29, 8, 7),
(1, 21, 28, 6, 4),
(1, 21, 27, 3, 9),
(1, 21, 26, 2, 5),
(1, 21, 25, 9, 1),
(1, 21, 24, 7, 6),
(1, 21, 23, 4, 1),
(1, 21, 22, 6, 0),
(1, 21, 21, 8, 4),
(1, 21, 20, 9, 7),
(1, 21, 19, 2, 1),
(1, 21, 18, 5, 7),
(1, 21, 17, 4, 9),
(1, 21, 16, 3, 7),
(1, 21, 15, 3, 6),
(1, 21, 14, 7, 0),
(1, 21, 13, 6, 3),
(1, 21, 12, 5, 1),
(1, 21, 11, 3, 8),
(1, 21, 10, 9, 2),
(1, 21, 9, 3, 2),
(1, 21, 8, 4, 7),
(1, 21, 7, 5, 9),
(1, 21, 6, 7, 2),
(1, 21, 5, 8, 5),
(1, 21, 4, 2, 0),
(1, 21, 3, 2, 4),
(1, 21, 2, 4, 6),
(1, 21, 1, 8, 2),
(1, 20, 61, 6, NULL),
(1, 20, 60, 2, 8),
(1, 20, 59, 8, 0),
(1, 20, 58, 2, 0),
(1, 20, 57, 6, 8),
(1, 20, 56, 9, 5),
(1, 20, 55, 5, 4),
(1, 20, 54, 6, 1),
(1, 20, 53, 6, 2),
(1, 20, 52, 7, 3),
(1, 20, 51, 8, 5),
(1, 20, 50, 9, 7),
(1, 20, 49, 4, 3),
(1, 20, 48, 7, 1),
(1, 20, 47, 3, 0),
(1, 20, 46, 2, 5),
(1, 20, 45, 2, 4),
(1, 20, 44, 7, 9),
(1, 20, 43, 6, 3),
(1, 20, 42, 2, 8),
(1, 20, 41, 5, 7),
(1, 20, 40, 4, 9),
(1, 20, 39, 9, 3),
(1, 20, 38, 6, 5),
(1, 20, 37, 5, 1),
(1, 20, 36, 5, 0),
(1, 20, 35, 3, 8),
(1, 20, 34, 9, 2),
(1, 20, 33, 7, 6),
(1, 20, 32, 5, 2),
(1, 20, 31, 9, 4),
(1, 20, 30, 8, 7),
(1, 20, 29, 4, 2),
(1, 20, 28, 3, 7),
(1, 20, 27, 7, 0),
(1, 20, 26, 9, 6),
(1, 20, 25, 5, 4),
(1, 20, 24, 2, 7),
(1, 20, 23, 4, 6),
(1, 20, 22, 5, 9),
(1, 20, 21, 6, 1),
(1, 20, 20, 7, 3),
(1, 20, 19, 4, 1),
(1, 20, 18, 8, 2),
(1, 20, 17, 6, 4),
(1, 20, 16, 3, 9),
(1, 20, 15, 8, 1),
(1, 20, 14, 5, 3),
(1, 20, 13, 2, 7),
(1, 20, 12, 8, 0),
(1, 20, 11, 3, 1),
(1, 20, 10, 6, 9),
(1, 20, 9, 8, 4),
(1, 20, 8, 2, 0),
(1, 20, 7, 6, 8),
(1, 20, 6, 1, 7),
(1, 20, 5, 5, 6),
(1, 20, 4, 9, 4),
(1, 20, 3, 6, 5),
(1, 20, 2, 6, 2),
(1, 20, 1, 7, 3),
(1, 19, 61, 7, NULL),
(1, 19, 60, 3, 0),
(1, 19, 59, 2, 5),
(1, 19, 58, 6, 8),
(1, 19, 57, 4, 0),
(1, 19, 56, 9, 3),
(1, 19, 55, 6, 5),
(1, 19, 54, 3, 9),
(1, 19, 53, 3, 6),
(1, 19, 52, 5, 8),
(1, 19, 51, 7, 2),
(1, 19, 50, 3, 0),
(1, 19, 49, 9, 2),
(1, 19, 48, 6, 5),
(1, 19, 47, 7, 3),
(1, 19, 46, 4, 1),
(1, 19, 45, 4, 8),
(1, 19, 44, 3, 7),
(1, 19, 43, 6, 9),
(1, 19, 42, 9, 5),
(1, 19, 41, 7, 6),
(1, 19, 40, 5, 2),
(1, 19, 39, 2, 7),
(1, 19, 38, 4, 6),
(1, 19, 37, 7, 1),
(1, 19, 36, 9, 6),
(1, 19, 35, 2, 1),
(1, 19, 34, 5, 7),
(1, 19, 33, 6, 1),
(1, 19, 32, 8, 4),
(1, 19, 31, 3, 1),
(1, 19, 30, 3, 6),
(1, 19, 29, 8, 1),
(1, 19, 28, 5, 3),
(1, 19, 27, 4, 9),
(1, 19, 26, 2, 6),
(1, 19, 25, 0, 2),
(1, 19, 24, 2, 2),
(1, 19, 23, 9, 1),
(1, 19, 22, 9, 8),
(1, 19, 21, 5, 4),
(1, 19, 20, 7, 2),
(1, 19, 19, 8, 5),
(1, 19, 18, 8, 6),
(1, 19, 17, 3, 1),
(1, 19, 16, 6, 9),
(1, 19, 15, 4, 0),
(1, 19, 14, 4, 8),
(1, 19, 13, 2, 6),
(1, 19, 12, 8, 0),
(1, 19, 11, 7, 5),
(1, 19, 10, 7, 4),
(1, 19, 9, 2, 9),
(1, 19, 8, 3, 5),
(1, 19, 7, 4, 7),
(1, 19, 6, 6, 0),
(1, 19, 5, 6, 2),
(1, 19, 4, 9, 5),
(1, 19, 3, 3, 2),
(1, 19, 2, 3, 6),
(1, 19, 1, 5, 8),
(1, 18, 61, 4, NULL),
(1, 18, 60, 2, 6),
(1, 18, 59, 6, 8),
(1, 18, 58, 8, 4),
(1, 18, 57, 9, 7),
(1, 18, 56, 7, 6),
(1, 18, 55, 2, 9),
(1, 18, 54, 5, 7),
(1, 18, 53, 6, 1),
(1, 18, 52, 5, 1),
(1, 18, 51, 9, 4),
(1, 18, 50, 7, 6),
(1, 18, 49, 6, 3),
(1, 18, 48, 3, 9),
(1, 18, 47, 9, 2),
(1, 18, 46, 5, 4),
(1, 18, 45, 8, 3),
(1, 18, 44, 4, 2),
(1, 18, 43, 6, 0),
(1, 18, 42, 2, 8),
(1, 18, 41, 5, 7),
(1, 18, 40, 1, 6),
(1, 18, 39, 5, 6),
(1, 18, 38, 9, 4),
(1, 18, 37, 9, 8),
(1, 18, 36, 3, 2),
(1, 18, 35, 5, 8),
(1, 18, 34, 8, 3),
(1, 18, 33, 7, 5),
(1, 18, 32, 7, 4),
(1, 18, 31, 2, 9),
(1, 18, 30, 6, 8),
(1, 18, 29, 4, 0),
(1, 18, 28, 9, 3),
(1, 18, 27, 2, 1),
(1, 18, 26, 2, 4),
(1, 18, 25, 3, 5),
(1, 18, 24, 7, 0),
(1, 18, 23, 8, 5),
(1, 18, 22, 8, 6),
(1, 18, 21, 9, 7),
(1, 18, 20, 4, 3),
(1, 18, 19, 5, 9),
(1, 18, 18, 3, 8),
(1, 18, 17, 4, 7),
(1, 18, 16, 8, 2),
(1, 18, 15, 6, 4),
(1, 18, 14, 6, 2),
(1, 18, 13, 3, 9),
(1, 18, 12, 2, 5),
(1, 18, 11, 8, 0),
(1, 18, 10, 4, 2),
(1, 18, 9, 6, 0),
(1, 18, 8, 2, 8),
(1, 18, 7, 9, 1),
(1, 18, 6, 8, 7),
(1, 18, 5, 2, 0),
(1, 18, 4, 7, 9),
(1, 18, 3, 6, 3),
(1, 18, 2, 5, 1),
(1, 18, 1, 5, 0);

-- --------------------------------------------------------

--
-- Table structure for table `test`
--

CREATE TABLE `test` (
  `test` varchar(255) DEFAULT NULL
) ENGINE=InnoDB DEFAULT CHARSET=latin1;

--
-- Dumping data for table `test`
--

INSERT INTO `test` (`test`) VALUES
('John'),
('DOW'),
('s'),
('s'),
('s'),
('6'),
('9'),
('6');

-- --------------------------------------------------------

--
-- Table structure for table `tinggi`
--

CREATE TABLE `tinggi` (
  `userid` varchar(16) NOT NULL,
  `x` int(2) NOT NULL,
  `y` int(2) NOT NULL
) ENGINE=InnoDB DEFAULT CHARSET=latin1;

--
-- Dumping data for table `tinggi`
--

INSERT INTO `tinggi` (`userid`, `x`, `y`) VALUES
('3174040104880001', 1, 20),
('3174040104880001', 2, 16),
('3174040104880001', 3, 19),
('3174040104880001', 4, 18),
('3174040104880001', 5, 16),
('3174040104880001', 6, 17),
('3174040104880001', 7, 17),
('3174040104880001', 8, 21),
('3174040104880001', 9, 18),
('3174040104880001', 10, 17),
('3174040104880001', 11, 18),
('3174040104880001', 12, 23),
('3174040104880001', 13, 19),
('3174040104880001', 14, 17),
('3174040104880001', 15, 19),
('3174040104880001', 16, 21),
('3174040104880001', 17, 15),
('3174040104880001', 18, 16),
('3174040104880001', 19, 17),
('3174040104880001', 20, 19),
('3174040104880001', 21, 15),
('3174040104880001', 22, 18),
('3174040104880001', 23, 19),
('3174040104880001', 24, 19),
('3174040104880001', 25, 16),
('3174040104880001', 26, 17),
('3174040104880001', 27, 14),
('3174040104880001', 28, 19),
('3174040104880001', 29, 17),
('3174040104880001', 30, 22),
('3174040104880001', 31, 17),
('3174040104880001', 32, 18),
('3174040104880001', 33, 21),
('3174040104880001', 34, 15),
('3174040104880001', 35, 15),
('3174040104880001', 36, 21),
('3174040104880001', 37, 17),
('3174040104880001', 38, 13),
('3174040104880001', 39, 17),
('3174040104880001', 40, 19),
('3174040104880001', 41, 18),
('3174040104880001', 42, 16),
('3174040104880001', 43, 14),
('3174040104880001', 44, 13),
('3174040104880001', 45, 18),
('1241214141242143', 1, 7),
('1241214141242143', 2, 7),
('1241214141242143', 3, 9),
('1241214141242143', 4, 9),
('1241214141242143', 5, 9),
('1241214141242143', 6, 7),
('1241214141242143', 7, 10),
('1241214141242143', 8, 10),
('1241214141242143', 9, 5),
('1241214141242143', 10, 6),
('1241214141242143', 11, 7),
('1241214141242143', 12, 6),
('1241214141242143', 13, 7),
('1241214141242143', 14, 7),
('1241214141242143', 15, 9),
('1241214141242143', 16, 7),
('1241214141242143', 17, 8),
('1241214141242143', 18, 8),
('1241214141242143', 19, 7),
('1241214141242143', 20, 9),
('1241214141242143', 21, 6),
('1241214141242143', 22, 7),
('1241214141242143', 23, 7),
('1241214141242143', 24, 7),
('1241214141242143', 25, 6),
('1241214141242143', 26, 9),
('1241214141242143', 27, 7),
('1241214141242143', 28, 11),
('1241214141242143', 29, 7),
('1241214141242143', 30, 9),
('1241214141242143', 31, 5),
('1241214141242143', 32, 6),
('1241214141242143', 33, 7),
('1241214141242143', 34, 8),
('1241214141242143', 35, 9),
('1241214141242143', 36, 7),
('1241214141242143', 37, 7),
('1241214141242143', 38, 12),
('1241214141242143', 39, 14),
('1241214141242143', 40, 7),
('1241214141242143', 41, 2),
('1241214141242143', 42, 6),
('1241214141242143', 43, 5),
('1241214141242143', 44, 5),
('1241214141242143', 45, 6);

-- --------------------------------------------------------

--
-- Table structure for table `user`
--

CREATE TABLE `user` (
  `no_ktp` varchar(16) NOT NULL,
  `tanggal_tes` datetime DEFAULT NULL,
  `nama_peserta` varchar(30) DEFAULT NULL,
  `posisi` varchar(30) DEFAULT NULL,
  `usia` int(3) DEFAULT NULL,
  `alamat` text,
  `no_hp` varchar(12) DEFAULT NULL,
  `tahapan_tes` varchar(1) DEFAULT NULL
) ENGINE=MyISAM DEFAULT CHARSET=latin1;

--
-- Dumping data for table `user`
--

INSERT INTO `user` (`no_ktp`, `tanggal_tes`, `nama_peserta`, `posisi`, `usia`, `alamat`, `no_hp`, `tahapan_tes`) VALUES
('1481983819283310', '2016-01-23 20:16:40', 'Migal Dilata', 'Purchasing Staff', 25, 'Jakarta', '082148710874', '1'),
('3174040104880001', '2016-01-23 20:16:40', 'Said Iskandar', 'Programmer', 25, 'jl. abdul jabar', '081287373770', '5'),
('1347190283981084', '2016-01-23 20:16:40', 'Panji', 'Marketing Staff', 25, 'Komp. B2 - Pasar Minggu', '081518938180', '2'),
('8237981724897817', '2016-01-31 12:27:32', 'Kenan Simanjuntak', 'Staff', 25, 'Komplek B2', '083183917928', '3'),
('1241214141242143', '2016-03-06 16:47:54', 'ujang hoki', 'hoki', 25, 'fdsalfjj', '1221214214', '5');

-- --------------------------------------------------------

--
-- Table structure for table `wpt_mapping`
--

CREATE TABLE `wpt_mapping` (
  `wpt_skor` int(2) NOT NULL,
  `wpt_iq` int(3) NOT NULL
) ENGINE=InnoDB DEFAULT CHARSET=latin1;

--
-- Dumping data for table `wpt_mapping`
--

INSERT INTO `wpt_mapping` (`wpt_skor`, `wpt_iq`) VALUES
(0, 0),
(1, 59),
(2, 61),
(3, 64),
(4, 67),
(5, 69),
(6, 71),
(7, 73),
(8, 75),
(9, 78),
(10, 80),
(11, 81),
(12, 83),
(13, 86),
(14, 88),
(15, 90),
(16, 93),
(17, 95),
(18, 97),
(19, 98),
(20, 100),
(21, 102),
(22, 104),
(23, 106),
(24, 108),
(25, 111),
(26, 113),
(27, 114),
(28, 116),
(29, 118),
(30, 120),
(31, 121),
(32, 123),
(33, 125),
(34, 126),
(35, 128),
(36, 130),
(37, 132),
(38, 134),
(39, 136),
(40, 138),
(41, 140),
(42, 142),
(43, 143),
(44, 146),
(45, 146),
(46, 146),
(47, 146),
(48, 146),
(49, 146),
(50, 146);

--
-- Indexes for dumped tables
--

--
-- Indexes for table `disc_mapping`
--
ALTER TABLE `disc_mapping`
  ADD PRIMARY KEY (`id`);

--
-- Indexes for table `user`
--
ALTER TABLE `user`
  ADD PRIMARY KEY (`no_ktp`);

